DROP TABLE IF EXISTS player_campaign_level_moves ;
DROP TABLE IF EXISTS player_campaign_level ;
DROP TABLE IF EXISTS campaign_level_instance ;
DROP TABLE IF EXISTS player_campaign ;
DROP TABLE IF EXISTS multiplayer_game_player;
DROP TABLE IF EXISTS multiplayer_game_instance;
DROP TABLE IF EXISTS multiplayer_game;
DROP TABLE IF EXISTS player ;
DROP TABLE IF EXISTS campaign_level ;
DROP TABLE IF EXISTS campaign ;

CREATE TABLE campaign (
	id SERIAL PRIMARY KEY,
  campaign_pack_id  BIGINT REFERENCES campaign_pack (id),
	name TEXT,
	icon TEXT,
	store_id TEXT,
	level_map_file TEXT,
  device_type TEXT,
  dictionary TEXT,
  frenzy_factor SMALLINT,
  hot_word_factor SMALLINT,
  time_score INTEGER,
  word_score INTEGER,
  min_stars SMALLINT,
  is_active BOOLEAN
);

CREATE TABLE player (
	id SERIAL PRIMARY KEY,
	new_id INTEGER REFERENCES player(id),
	fb_id TEXT,
	first_name TEXT,
	last_name TEXT,
	email TEXT,
  profile_pic TEXT,
	username TEXT,
	access_token TEXT,
	status TEXT,
	current_campaign_id INTEGER REFERENCES campaign(id),
  push_id TEXT,
  push_key TEXT,
  date_created TIMESTAMP,
  date_updaredd TIMESTAMP
);

CREATE TABLE campaign_level (
	id SERIAL PRIMARY KEY,
	campaign_id INTEGER REFERENCES campaign(id),
	level_number TEXT,
	order_index SMALLINT,
	level_type TEXT,
	max_words SMALLINT,
	word_min_length SMALLINT,
	word_max_length SMALLINT,
	hot_words SMALLINT,
	max_words_per_page SMALLINT,
	rows SMALLINT,
	columns SMALLINT,
	time_target INTEGER,
	avg_score INTEGER,
	max_score INTEGER,
	frenzy_allowed BOOLEAN DEFAULT FALSE,
  highlight_allowed BOOLEAN DEFAULT TRUE,
	star1 INTEGER,
	star2 INTEGER,
	star3 INTEGER,
	message TEXT,
	message_img TEXT
);

CREATE TABLE campaign_level_instance (
        id SERIAL PRIMARY KEY,
        campaign_level_id INTEGER REFERENCES campaign_level(id),
        game_data TEXT
);

CREATE TABLE player_campaign (
	id SERIAL PRIMARY KEY,
	player_id BIGINT REFERENCES player(id),
	campaign_id INTEGER REFERENCES campaign(id),
	total_score INTEGER,
	total_tars INTEGER
);

CREATE TABLE player_campaign_level (
	id SERIAL PRIMARY KEY,
	player_id BIGINT REFERENCES player (id),
	campaign_level_instance_id INTEGER REFERENCES campaign_level_instance(id),
	status TEXT,
	start_time TIMESTAMP,
	end_time TIMESTAMP,
	score INTEGER,
	stars SMALLINT
);

CREATE TABLE player_campaign_level_moves (
        id SERIAL PRIMARY KEY,
        player_campaign_level_id INTEGER REFERENCES player_campaign_level(id),
        game_play_data TEXT
);

CREATE TABLE multiplayer_game (
        id SERIAL PRIMARY KEY,
        game_data TEXT
);

CREATE TABLE multiplayer_game_instance (
	id SERIAL PRIMARY KEY,
	multiplayer_game_id BIGINT REFERENCES multiplayer_game (id),
	game_key TEXT,
	status TEXT,
	start_time TIMESTAMP,
	end_time TIMESTAMP
);

CREATE TABLE multiplayer_game_player (
	player_id BIGINT REFERENCES player (id),
	multiplayer_game_instance_id BIGINT REFERENCES multiplayer_game_instance (id),
	is_owner BOOLEAN,
	joined BOOLEAN,
	score INTEGER,
	POSITION SMALLINT,
	PRIMARY KEY(player_id, multiplayer_game_instance_id)
);

CREATE TABLE campaign_pack (
	id SERIAL PRIMARY KEY,
	name TEXT
);

INSERT INTO campaign_pack (id, name) VALUES
(1,'English'),
(2,'French'),
(3,'German'),
(4,'Spanish'),
(5,'Numbers'),
(6,'Hyroglyphs'),
(7,'Science'),
(8,'Entertainment'),
(9,'Foods'),
(10,'Transport'),
(11,'Bricks and Mortar'),
(12,'Parts of Language'),
(13,'Area 51');

INSERT INTO campaign (id, name, icon, store_id, level_map_file, dictionary, device_type, min_stars, frenzy_factor, hot_word_factor, time_score, word_score, is_active, campaign_pack_id) VALUES
(1,'First Steps','first_steps',null,'default.json','english','LARGE',0,2,2,90,1000,TRUE,1),
(2,'Testing Waters','testing_waters','testing_waters','default.json','english','LARGE',34,2,2,90,1000,TRUE,1),
(3,'Score Hunt','score_hunt','score_hunt','default.json','english','LARGE',70,2,2,90,1000,TRUE,1),
(4,'Battle For Stars','battle_for_stars','battle_for_stars','default.json','english','LARGE',106,2,2,90,1000,TRUE,1),
(5,'War Of Words','war_of_words','war_of_words','default.json','english','LARGE',145,2,2,90,1000,TRUE,1),
(6,'Premiers Pas','first_steps',null,'default.json','french','LARGE',0,2,2,90,1000,TRUE,2),
(7,'Se Préparer','testing_waters','testing_waters','default.json','french','LARGE',34,2,2,90,1000,TRUE,2),
(8,'Chasse de Puissance','score_hunt','score_hunt','default.json','french','LARGE',70,2,2,90,1000,TRUE,2),
(9,'La Guerre Des Étoiles','battle_for_stars','battle_for_stars','default.json','french','LARGE',106,2,2,90,1000,TRUE,2),
(10,'Guerre de Paroles','war_of_words','war_of_words','default.json','french','LARGE',145,2,2,90,1000,TRUE,2),
(11,'Erste Schritte','first_steps',null,'default.json','german','LARGE',0,2,2,90,1000,TRUE,3),
(12,'Fertig Werden','testing_waters','testing_waters','default.json','german','LARGE',34,2,2,90,1000,TRUE,3),
(13,'Macht Jagd','score_hunt','score_hunt','default.json','german','LARGE',70,2,2,90,1000,TRUE,3),
(14,'Kampf um Sterne','battle_for_stars','battle_for_stars','default.json','german','LARGE',106,2,2,90,1000,TRUE,3),
(15,'Krieg der Worte','war_of_words','war_of_words','default.json','german','LARGE',145,2,2,90,1000,TRUE,3),
(16,'Primeros Pasos','first_steps',null,'default.json','spanish','LARGE',0,2,2,90,1000,TRUE,4),
(17,'Preparándose','testing_waters','testing_waters','default.json','spanish','LARGE',34,2,2,90,1000,TRUE,4),
(18,'Caza Puntuación','score_hunt','score_hunt','default.json','spanish','LARGE',70,2,2,90,1000,TRUE,4),
(19,'Batalla por Estrellas','battle_for_stars','battle_for_stars','default.json','spanish','LARGE',106,2,2,90,1000,TRUE,4),
(20,'Guerra de las Palabras','war_of_words','war_of_words','default.json','spanish','LARGE',145,2,2,90,1000,TRUE,4),
(21,'Basic Numbers','basic_numbers',null,'default.json','basic_numbers','LARGE',0,2,2,190,2000,TRUE,5),
(22,'Simple Sums','simple_sums','simple_sums','default.json','simple_sums_pairs','LARGE',43,2,2,190,2000,TRUE,5),
(23,'Divide And Multiply','divide_and_multiply','divide_and_multiply','default.json','divide_and_multiply_pairs','LARGE',88,2,2,190,2000,TRUE,5),
(24,'Celestial Wars','celestial_wars','celestial_wars','default.json','celestial_wars_pairs','LARGE',133,2,2,190,2000,TRUE,5),
(25,'War In Egypt','war_in_egypt',null,'default.json','egyptian','LARGE',0,2,2,290,4000,TRUE,6),
(26,'Burning Glyphs','burning_glyphs','burning_glyphs','default.json','egyptian','LARGE',45,2,2,290,4000,TRUE,6),
(27,'Falling Pyramids','falling_pyramids','falling_pyramids','default.json','egyptian','LARGE',90,2,2,290,4000,TRUE,6),
(28,'Digging In The Dark','digging_in_the_dark','digging_in_the_dark','default.json','egyptian','LARGE',135,2,2,290,4000,TRUE,6),
(29,'Scientists','scientists',null,'default.json','scientists','LARGE',0,2,2,90,1000,TRUE,7),
(30,'General Science','general_science','general_science','default.json','general_science','LARGE',45,2,2,90,1000,TRUE,7),
(31,'Physics','physics','physics','default.json','physics','LARGE',90,2,2,90,1000,TRUE,7),
(32,'Periodic Table','periodic_table','periodic_table','default.json','periodic_table_pairs','LARGE',135,2,2,90,1000,TRUE,7),
(33,'Computer Science','computer_science','computer_science','default.json','computer_science','LARGE',180,2,2,90,1000,TRUE,7),
(34,'The Big Bang Theory','the_big_bang_theory',null,'default.json','the_big_bang_theory','LARGE',0,2,2,90,1000,TRUE,8),
(35,'Movies','movies','movies','default.json','movies','LARGE',45,2,2,90,1000,TRUE,8),
(36,'Food','food',null,'default.json','food','LARGE',0,2,2,90,1000,TRUE,9),
(37,'Fruits and Veggies','fruits_and_veggies','fruits_and_veggies','default.json','fruits_and_veggies','LARGE',45,2,2,90,1000,TRUE,9),
(38,'All About Transport','all_about_transport',null,'default.json','all_about_transport','LARGE',0,2,2,90,1000,TRUE,10),
(39,'Cars','cars','cars','default.json','cars','LARGE',45,2,2,90,1000,TRUE,10),
(40,'City Things','city_things',null,'default.json','city_things','LARGE',0,2,2,90,1000,TRUE,11),
(41,'Cities','cities','cities','default.json','cities','LARGE',45,2,2,90,1000,TRUE,11),
(42,'Countries','countries','countries','default.json','countries','LARGE',90,2,2,90,1000,TRUE,11),
(43,'Adjectives','adjectives',null,'default.json','adjectives','LARGE',0,2,2,90,1000,TRUE,12),
(44,'Anagrams','anagrams','anagrams','default.json','anagrams','LARGE',45,2,2,90,1000,TRUE,12),
(45,'Verbs','verbs','verbs','default.json','verbs','LARGE',90,2,2,90,1000,TRUE,12),
(46,'Business Terms','business_terms',null,'default.json','business_terms','LARGE',0,2,2,90,1000,TRUE,13),
(47,'Animals','animals','animals','default.json','animals','LARGE',45,2,2,90,1000,TRUE,13),
(48,'Time','time','time','default.json','time','LARGE',90,2,2,90,1000,TRUE,13),
(49,'Colors','colors','colors','default.json','colors','LARGE',135,2,2,90,1000,TRUE,13),
(50,'Pirates','pirates','pirates','default.json','pirates','LARGE',180,2,2,90,1000,TRUE,13);

INSERT INTO campaign (id, name, icon, store_id, level_map_file, dictionary, device_type, min_stars, frenzy_factor, hot_word_factor, time_score, word_score, is_active, campaign_pack_id) VALUES
(30001,'First Steps','first_steps',null,'default.json','english','SMALL',0,2,2,90,1000,TRUE,1),
(30002,'Testing Waters','testing_waters','testing_waters','default.json','english','SMALL',34,2,2,90,1000,TRUE,1),
(30003,'Score Hunt','score_hunt','score_hunt','default.json','english','SMALL',70,2,2,90,1000,TRUE,1),
(30004,'Battle For Stars','battle_for_stars','battle_for_stars','default.json','english','SMALL',106,2,2,90,1000,TRUE,1),
(30005,'War Of Words','war_of_words','war_of_words','default.json','english','SMALL',145,2,2,90,1000,TRUE,1),
(30006,'Premiers Pas','first_steps',null,'default.json','french','SMALL',0,2,2,90,1000,TRUE,2),
(30007,'Se Préparer','testing_waters','testing_waters','default.json','french','SMALL',34,2,2,90,1000,TRUE,2),
(30008,'Chasse de Puissance','score_hunt','score_hunt','default.json','french','SMALL',70,2,2,90,1000,TRUE,2),
(30009,'La Guerre Des Étoiles','battle_for_stars','battle_for_stars','default.json','french','SMALL',106,2,2,90,1000,TRUE,2),
(30010,'Guerre de Paroles','war_of_words','war_of_words','default.json','french','SMALL',145,2,2,90,1000,TRUE,2),
(30011,'Erste Schritte','first_steps',null,'default.json','german','SMALL',0,2,2,90,1000,TRUE,3),
(30012,'Fertig Werden','testing_waters','testing_waters','default.json','german','SMALL',34,2,2,90,1000,TRUE,3),
(30013,'Macht Jagd','score_hunt','score_hunt','default.json','german','SMALL',70,2,2,90,1000,TRUE,3),
(30014,'Kampf um Sterne','battle_for_stars','battle_for_stars','default.json','german','SMALL',106,2,2,90,1000,TRUE,3),
(30015,'Krieg der Worte','war_of_words','war_of_words','default.json','german','SMALL',145,2,2,90,1000,TRUE,3),
(30016,'Primeros Pasos','first_steps',null,'default.json','spanish','SMALL',0,2,2,90,1000,TRUE,4),
(30017,'Preparándose','testing_waters','testing_waters','default.json','spanish','SMALL',34,2,2,90,1000,TRUE,4),
(30018,'Caza Puntuación','score_hunt','score_hunt','default.json','spanish','SMALL',70,2,2,90,1000,TRUE,4),
(30019,'Batalla por Estrellas','battle_for_stars','battle_for_stars','default.json','spanish','SMALL',106,2,2,90,1000,TRUE,4),
(30020,'Guerra de las Palabras','war_of_words','war_of_words','default.json','spanish','SMALL',145,2,2,90,1000,TRUE,4),
(30021,'Basic Numbers','basic_numbers',null,'default.json','basic_numbers','SMALL',0,2,2,190,2000,TRUE,5),
(30022,'Simple Sums','simple_sums','simple_sums','default.json','simple_sums_pairs','SMALL',43,2,2,190,2000,TRUE,5),
(30023,'Divide And Multiply','divide_and_multiply','divide_and_multiply','default.json','divide_and_multiply_pairs','SMALL',88,2,2,190,2000,TRUE,5),
(30024,'Celestial Wars','celestial_wars','celestial_wars','default.json','celestial_wars_pairs','SMALL',133,2,2,190,2000,TRUE,5),
(30025,'War In Egypt','war_in_egypt',null,'default.json','egyptian','SMALL',0,2,2,290,4000,TRUE,6),
(30026,'Burning Glyphs','burning_glyphs','burning_glyphs','default.json','egyptian','SMALL',45,2,2,290,4000,TRUE,6),
(30027,'Falling Pyramids','falling_pyramids','falling_pyramids','default.json','egyptian','SMALL',90,2,2,290,4000,TRUE,6),
(30028,'Digging In The Dark','digging_in_the_dark','digging_in_the_dark','default.json','egyptian','SMALL',135,2,2,290,4000,TRUE,6),
(30029,'Scientists','scientists',null,'default.json','scientists','SMALL',0,2,2,90,1000,TRUE,7),
(30030,'General Science','general_science','general_science','default.json','general_science','SMALL',45,2,2,90,1000,TRUE,7),
(30031,'Physics','physics','physics','default.json','physics','SMALL',90,2,2,90,1000,TRUE,7),
(30032,'Periodic Table','periodic_table','periodic_table','default.json','periodic_table_pairs','SMALL',135,2,2,90,1000,TRUE,7),
(30033,'Computer Science','computer_science','computer_science','default.json','computer_science','SMALL',180,2,2,90,1000,TRUE,7),
(30034,'The Big Bang Theory','the_big_bang_theory',null,'default.json','the_big_bang_theory','SMALL',0,2,2,90,1000,TRUE,8),
(30035,'Movies','movies','movies','default.json','movies','SMALL',45,2,2,90,1000,TRUE,8),
(30036,'Food','food',null,'default.json','food','SMALL',0,2,2,90,1000,TRUE,9),
(30037,'Fruits and Veggies','fruits_and_veggies','fruits_and_veggies','default.json','fruits_and_veggies','SMALL',45,2,2,90,1000,TRUE,9),
(30038,'All About Transport','all_about_transport',null,'default.json','all_about_transport','SMALL',0,2,2,90,1000,TRUE,10),
(30039,'Cars','cars','cars','default.json','cars','SMALL',45,2,2,90,1000,TRUE,10),
(30040,'City Things','city_things',null,'default.json','city_things','SMALL',0,2,2,90,1000,TRUE,11),
(30041,'Cities','cities','cities','default.json','cities','SMALL',45,2,2,90,1000,TRUE,11),
(30042,'Countries','countries','countries','default.json','countries','SMALL',90,2,2,90,1000,TRUE,11),
(30043,'Adjectives','adjectives',null,'default.json','adjectives','SMALL',0,2,2,90,1000,TRUE,12),
(30044,'Anagrams','anagrams','anagrams','default.json','anagrams','SMALL',45,2,2,90,1000,TRUE,12),
(30045,'Verbs','verbs','verbs','default.json','verbs','SMALL',90,2,2,90,1000,TRUE,12),
(30046,'Business Terms','business_terms',null,'default.json','business_terms','SMALL',0,2,2,90,1000,TRUE,13),
(30047,'Animals','animals','animals','default.json','animals','SMALL',45,2,2,90,1000,TRUE,13),
(30048,'Time','time','time','default.json','time','SMALL',90,2,2,90,1000,TRUE,13),
(30049,'Colors','colors','colors','default.json','colors','SMALL',135,2,2,90,1000,TRUE,13),
(30050,'Pirates','pirates','pirates','default.json','pirates','SMALL',180,2,2,90,1000,TRUE,13);

INSERT INTO campaign_level (campaign_id, level_number, level_type, highlight_allowed, max_words, word_min_length, word_max_length, time_target, avg_score, max_score, star1, star2, star3, rows, columns,hot_words,max_words_per_page,frenzy_allowed,message,message_img, order_index) VALUES
(1,'1','SCORE_TRIAL',TRUE,6,3,6,0,6000,6000,100,100,100,6,6,0,6,FALSE,'Swipe over the board to mark words. Find all words!','help1',1),
(1,'2','SCORE_TRIAL',TRUE,6,3,6,0,6000,6000,100,100,100,6,6,0,6,FALSE,'','',2),
(1,'3','SCORE_TRIAL',TRUE,6,3,6,0,6000,6000,100,100,100,7,7,0,3,FALSE,'Not all words are visible all the time. Watch out for hidden pages','help4',3),
(1,'4','TIME_TRIAL',TRUE,6,3,6,50,7350,8250,72,90,100,8,7,0,3,FALSE,'Keep an eye on the timer at the top. You do not wanna be too slow!','help3',4),
(1,'5','TIME_TRIAL',TRUE,6,3,6,50,7350,8250,72,90,100,8,8,0,3,FALSE,'','',5),
(1,'6','TIME_TRIAL',TRUE,9,3,6,80,11700,13050,68,90,100,8,9,0,3,FALSE,'','',6),
(1,'7','TIME_TRIAL',TRUE,9,3,7,80,11700,13500,66,87,100,9,9,0,3,FALSE,'','',7),
(1,'8','TIME_TRIAL',TRUE,9,3,7,90,12600,13950,64,91,100,10,9,0,3,FALSE,'','',8),
(1,'9','TIME_TRIAL',TRUE,9,3,7,90,12600,13950,64,91,100,9,10,0,3,FALSE,'','',9),
(1,'10','TIME_TRIAL',TRUE,12,3,8,120,16500,18750,64,88,100,10,10,0,3,FALSE,'','',10),
(1,'11','TIME_TRIAL',TRUE,12,3,8,120,16500,18750,64,88,100,10,10,0,3,FALSE,'','',11),
(1,'12','TIME_TRIAL',TRUE,12,3,9,120,16500,18750,64,88,100,10,10,0,3,FALSE,'','',12),
(1,'13','TIME_TRIAL',TRUE,15,3,9,150,21750,24450,61,89,100,10,10,0,3,FALSE,'','',13),
(1,'14','TIME_TRIAL',TRUE,15,3,10,150,21750,24450,61,89,100,10,10,0,3,FALSE,'','',14),
(1,'15','TIME_TRIAL',TRUE,15,3,10,150,21750,24450,61,89,100,10,10,0,3,FALSE,'','',15),

(2,'1','TIME_TRIAL',TRUE,12,4,7,80,14250,16050,74,89,100,8,8,0,3,FALSE,'','',1),
(2,'2','TIME_TRIAL',TRUE,12,4,7,80,14250,16050,74,89,100,8,8,0,3,FALSE,'','',2),
(2,'3','TIME_TRIAL',TRUE,12,4,7,95,16150,17950,72,90,100,8,9,1,3,FALSE,'Words highlited in red have double score','help2',3),
(2,'4','TIME_TRIAL',TRUE,12,4,7,95,16600,18400,70,91,100,9,9,1,3,FALSE,'','',4),
(2,'5','TIME_TRIAL',TRUE,15,4,7,135,22400,25100,67,90,100,10,9,2,3,FALSE,'','',5),
(2,'6','TIME_TRIAL',TRUE,15,4,8,135,22400,25100,67,90,100,10,10,2,3,FALSE,'','',6),
(2,'7','TIME_TRIAL',TRUE,15,4,8,135,22950,25650,70,90,100,10,11,3,3,FALSE,'','',7),
(2,'8','TIME_TRIAL',TRUE,15,4,8,135,22950,25650,70,90,100,11,11,3,3,FALSE,'','',8),
(2,'9','TIME_TRIAL',TRUE,18,4,8,180,29200,32350,68,91,100,12,11,4,3,FALSE,'','',9),
(2,'10','TIME_TRIAL',TRUE,18,3,9,180,30100,33250,66,91,100,12,12,4,3,FALSE,'','',10),
(2,'11','TIME_TRIAL',TRUE,18,3,9,180,31100,34250,67,91,100,12,12,5,3,FALSE,'','',11),
(2,'12','TIME_TRIAL',TRUE,18,3,9,180,31100,34250,67,91,100,12,12,5,3,FALSE,'','',12),
(2,'13','TIME_TRIAL',TRUE,21,3,10,210,36450,40050,67,92,100,12,12,6,3,FALSE,'','',13),
(2,'14','TIME_TRIAL',TRUE,21,3,11,210,36450,40050,67,92,100,12,12,6,3,FALSE,'','',14),
(2,'15','TIME_TRIAL',TRUE,21,2,12,210,37450,41050,68,92,100,12,12,7,3,FALSE,'','',15),

(3,'1','TIME_TRIAL',TRUE,15,4,7,105,21600,23400,76,93,100,10,10,3,3,FALSE,'','',1),
(3,'2','TIME_TRIAL',TRUE,15,4,7,105,21600,23400,76,93,100,10,10,3,3,FALSE,'','',2),
(3,'3','TIME_TRIAL',TRUE,15,4,7,150,21300,36000,41,60,100,11,10,0,3,TRUE,'Notice the Frenzy Bar! Find three words in quick successions and then score huge bonuses','help5',3),
(3,'4','TIME_TRIAL',TRUE,15,4,8,150,21300,36000,41,60,100,10,11,0,3,TRUE,'','',4),
(3,'5','TIME_TRIAL',TRUE,18,4,8,180,25650,43800,41,59,100,11,11,0,3,TRUE,'','',5),
(3,'6','TIME_TRIAL',TRUE,18,4,8,180,25650,43800,41,59,100,11,11,0,3,TRUE,'','',6),
(3,'7','TIME_TRIAL',TRUE,18,4,9,180,25650,43800,41,59,100,11,11,0,3,TRUE,'','',7),
(3,'8','TIME_TRIAL',TRUE,18,4,9,215,26550,45150,39,59,100,11,12,0,3,TRUE,'','',8),
(3,'9','TIME_TRIAL',TRUE,21,4,9,250,31800,54300,38,59,100,12,11,0,3,TRUE,'','',9),
(3,'10','TIME_TRIAL',TRUE,21,3,10,250,31800,54300,38,59,100,12,12,0,3,TRUE,'','',10),
(3,'11','TIME_TRIAL',TRUE,21,3,10,250,31800,54300,38,59,100,12,12,0,3,TRUE,'','',11),
(3,'12','TIME_TRIAL',TRUE,21,3,10,250,31800,54300,38,59,100,12,12,0,3,TRUE,'','',12),
(3,'13','TIME_TRIAL',TRUE,24,3,11,285,36600,62550,38,59,100,12,12,0,3,TRUE,'','',13),
(3,'14','TIME_TRIAL',TRUE,24,3,11,285,36600,62550,38,59,100,12,12,0,3,TRUE,'','',14),
(3,'15','TIME_TRIAL',TRUE,24,2,12,285,36600,62550,38,59,100,12,12,0,3,TRUE,'','',15),

(4,'1','TIME_TRIAL',TRUE,18,4,7,180,24750,42900,41,58,100,11,11,0,3,TRUE,'','',1),
(4,'2','TIME_TRIAL',TRUE,18,4,7,180,26650,45800,41,59,100,11,11,1,3,TRUE,'Find hot words in frenzy mode and get Double the Score','help6',2),
(4,'3','TIME_TRIAL',TRUE,18,4,7,215,27550,47150,40,59,100,11,12,1,3,TRUE,'','',3),
(4,'4','TIME_TRIAL',TRUE,18,4,8,215,27550,47150,40,59,100,11,12,1,3,TRUE,'','',4),
(4,'5','TIME_TRIAL',TRUE,21,4,8,250,32900,57400,40,58,100,12,11,2,3,TRUE,'','',5),
(4,'6','TIME_TRIAL',TRUE,21,4,8,250,32900,57400,40,58,100,12,11,2,3,TRUE,'','',6),
(4,'7','TIME_TRIAL',TRUE,21,4,9,250,33900,59400,40,58,100,12,12,3,3,TRUE,'','',7),
(4,'8','TIME_TRIAL',TRUE,21,4,9,250,33900,59400,40,58,100,12,12,3,3,TRUE,'','',8),
(4,'9','TIME_TRIAL',TRUE,24,4,9,285,39250,69200,40,57,100,12,12,4,3,TRUE,'','',9),
(4,'10','TIME_TRIAL',TRUE,24,3,10,285,40600,70550,39,58,100,12,12,4,3,TRUE,'','',10),
(4,'11','TIME_TRIAL',TRUE,24,3,10,285,41600,72550,39,58,100,12,12,5,3,TRUE,'','',11),
(4,'12','TIME_TRIAL',TRUE,24,3,10,285,41600,72550,39,58,100,12,12,5,3,TRUE,'','',12),
(4,'13','TIME_TRIAL',TRUE,27,3,11,320,46950,82800,39,57,100,12,12,6,3,TRUE,'','',13),
(4,'14','TIME_TRIAL',TRUE,27,3,11,320,46950,82800,39,57,100,12,12,6,3,TRUE,'','',14),
(4,'15','TIME_TRIAL',TRUE,27,2,12,320,47950,84800,40,57,100,12,12,7,3,TRUE,'','',15),

(5,'1','TIME_TRIAL',TRUE,24,4,7,240,37000,66050,42,57,100,11,11,4,3,TRUE,'','',1),
(5,'2','TIME_TRIAL',FALSE,24,4,7,285,37900,67850,41,56,100,12,12,4,3,TRUE,'See how well you do with the fog of war!','help7',2),
(5,'3','TIME_TRIAL',FALSE,24,4,7,285,38900,69850,41,56,100,12,12,5,3,TRUE,'','',3),
(5,'4','TIME_TRIAL',FALSE,24,4,8,285,41600,72550,39,58,100,12,12,5,3,TRUE,'','',4),
(5,'5','TIME_TRIAL',FALSE,27,4,8,320,46950,82800,39,57,100,12,12,6,3,TRUE,'','',5),
(5,'6','TIME_TRIAL',FALSE,27,4,8,320,46950,82800,39,57,100,12,12,6,3,TRUE,'','',6),
(5,'7','TIME_TRIAL',FALSE,27,4,9,320,47950,84800,40,57,100,12,12,7,3,TRUE,'','',7),
(5,'8','TIME_TRIAL',FALSE,27,4,9,320,47950,84800,40,57,100,12,12,7,3,TRUE,'','',8),
(5,'9','TIME_TRIAL',FALSE,30,4,9,360,54200,95500,39,57,100,12,12,8,3,TRUE,'','',9),
(5,'10','TIME_TRIAL',FALSE,30,3,10,360,54200,95500,39,57,100,12,12,8,3,TRUE,'','',10),
(5,'11','TIME_TRIAL',FALSE,30,3,10,360,55200,97500,40,57,100,12,12,9,3,TRUE,'','',11),
(5,'12','TIME_TRIAL',FALSE,30,3,10,360,58350,100650,38,58,100,12,12,9,3,TRUE,'','',12),
(5,'13','TIME_TRIAL',FALSE,33,3,11,395,64150,111350,38,58,100,12,12,10,3,TRUE,'','',13),
(5,'14','TIME_TRIAL',FALSE,33,3,11,395,64150,111350,38,58,100,12,12,10,3,TRUE,'','',14),
(5,'15','TIME_TRIAL',FALSE,33,2,12,395,65150,113350,38,58,100,12,12,11,3,TRUE,'','',15),

(6,'1','SCORE_TRIAL',TRUE,6,3,6,0,6000,6000,100,100,100,6,6,0,6,FALSE,'Swipe over the board to mark words. Find all words!','help1',1),
(6,'2','SCORE_TRIAL',TRUE,6,3,6,0,6000,6000,100,100,100,6,6,0,6,FALSE,'','',2),
(6,'3','SCORE_TRIAL',TRUE,6,3,6,0,6000,6000,100,100,100,7,7,0,3,FALSE,'Not all words are visible all the time. Watch out for hidden pages','help4',3),
(6,'4','TIME_TRIAL',TRUE,6,3,6,50,7350,8250,72,90,100,8,7,0,3,FALSE,'Keep an eye on the timer at the top. You do not wanna be too slow!','help3',4),
(6,'5','TIME_TRIAL',TRUE,6,3,6,50,7350,8250,72,90,100,8,8,0,3,FALSE,'','',5),
(6,'6','TIME_TRIAL',TRUE,9,3,6,80,11700,13050,68,90,100,8,9,0,3,FALSE,'','',6),
(6,'7','TIME_TRIAL',TRUE,9,3,7,80,11700,13500,66,87,100,9,9,0,3,FALSE,'','',7),
(6,'8','TIME_TRIAL',TRUE,9,3,7,90,12600,13950,64,91,100,10,9,0,3,FALSE,'','',8),
(6,'9','TIME_TRIAL',TRUE,9,3,7,90,12600,13950,64,91,100,9,10,0,3,FALSE,'','',9),
(6,'10','TIME_TRIAL',TRUE,12,3,8,120,16500,18750,64,88,100,10,10,0,3,FALSE,'','',10),
(6,'11','TIME_TRIAL',TRUE,12,3,8,120,16500,18750,64,88,100,10,10,0,3,FALSE,'','',11),
(6,'12','TIME_TRIAL',TRUE,12,3,9,120,16500,18750,64,88,100,10,10,0,3,FALSE,'','',12),
(6,'13','TIME_TRIAL',TRUE,15,3,9,150,21750,24450,61,89,100,10,10,0,3,FALSE,'','',13),
(6,'14','TIME_TRIAL',TRUE,15,3,10,150,21750,24450,61,89,100,10,10,0,3,FALSE,'','',14),
(6,'15','TIME_TRIAL',TRUE,15,3,10,150,21750,24450,61,89,100,10,10,0,3,FALSE,'','',15),

(7,'1','TIME_TRIAL',TRUE,12,4,7,80,14250,16050,74,89,100,8,8,0,3,FALSE,'','',1),
(7,'2','TIME_TRIAL',TRUE,12,4,7,80,14250,16050,74,89,100,8,8,0,3,FALSE,'','',2),
(7,'3','TIME_TRIAL',TRUE,12,4,7,95,16150,17950,72,90,100,8,9,1,3,FALSE,'Words highlited in red have double score','help2',3),
(7,'4','TIME_TRIAL',TRUE,12,4,7,95,16600,18400,70,91,100,9,9,1,3,FALSE,'','',4),
(7,'5','TIME_TRIAL',TRUE,15,4,7,135,22400,25100,67,90,100,10,9,2,3,FALSE,'','',5),
(7,'6','TIME_TRIAL',TRUE,15,4,8,135,22400,25100,67,90,100,10,10,2,3,FALSE,'','',6),
(7,'7','TIME_TRIAL',TRUE,15,4,8,135,22950,25650,70,90,100,10,11,3,3,FALSE,'','',7),
(7,'8','TIME_TRIAL',TRUE,15,4,8,135,22950,25650,70,90,100,11,11,3,3,FALSE,'','',8),
(7,'9','TIME_TRIAL',TRUE,18,4,8,180,29200,32350,68,91,100,12,11,4,3,FALSE,'','',9),
(7,'10','TIME_TRIAL',TRUE,18,3,9,180,30100,33250,66,91,100,12,12,4,3,FALSE,'','',10),
(7,'11','TIME_TRIAL',TRUE,18,3,9,180,31100,34250,67,91,100,12,12,5,3,FALSE,'','',11),
(7,'12','TIME_TRIAL',TRUE,18,3,9,180,31100,34250,67,91,100,12,12,5,3,FALSE,'','',12),
(7,'13','TIME_TRIAL',TRUE,21,3,10,210,36450,40050,67,92,100,12,12,6,3,FALSE,'','',13),
(7,'14','TIME_TRIAL',TRUE,21,3,11,210,36450,40050,67,92,100,12,12,6,3,FALSE,'','',14),
(7,'15','TIME_TRIAL',TRUE,21,2,12,210,37450,41050,68,92,100,12,12,7,3,FALSE,'','',15),

(8,'1','TIME_TRIAL',TRUE,15,4,7,105,21600,23400,76,93,100,10,10,3,3,FALSE,'','',1),
(8,'2','TIME_TRIAL',TRUE,15,4,7,105,21600,23400,76,93,100,10,10,3,3,FALSE,'','',2),
(8,'3','TIME_TRIAL',TRUE,15,4,7,150,21300,36000,41,60,100,11,10,0,3,TRUE,'Notice the Frenzy Bar! Find three words in quick successions and then score huge bonuses','help5',3),
(8,'4','TIME_TRIAL',TRUE,15,4,8,150,21300,36000,41,60,100,10,11,0,3,TRUE,'','',4),
(8,'5','TIME_TRIAL',TRUE,18,4,8,180,25650,43800,41,59,100,11,11,0,3,TRUE,'','',5),
(8,'6','TIME_TRIAL',TRUE,18,4,8,180,25650,43800,41,59,100,11,11,0,3,TRUE,'','',6),
(8,'7','TIME_TRIAL',TRUE,18,4,9,180,25650,43800,41,59,100,11,11,0,3,TRUE,'','',7),
(8,'8','TIME_TRIAL',TRUE,18,4,9,215,26550,45150,39,59,100,11,12,0,3,TRUE,'','',8),
(8,'9','TIME_TRIAL',TRUE,21,4,9,250,31800,54300,38,59,100,12,11,0,3,TRUE,'','',9),
(8,'10','TIME_TRIAL',TRUE,21,3,10,250,31800,54300,38,59,100,12,12,0,3,TRUE,'','',10),
(8,'11','TIME_TRIAL',TRUE,21,3,10,250,31800,54300,38,59,100,12,12,0,3,TRUE,'','',11),
(8,'12','TIME_TRIAL',TRUE,21,3,10,250,31800,54300,38,59,100,12,12,0,3,TRUE,'','',12),
(8,'13','TIME_TRIAL',TRUE,24,3,11,285,36600,62550,38,59,100,12,12,0,3,TRUE,'','',13),
(8,'14','TIME_TRIAL',TRUE,24,3,11,285,36600,62550,38,59,100,12,12,0,3,TRUE,'','',14),
(8,'15','TIME_TRIAL',TRUE,24,2,12,285,36600,62550,38,59,100,12,12,0,3,TRUE,'','',15),

(9,'1','TIME_TRIAL',TRUE,18,4,7,180,24750,42900,41,58,100,11,11,0,3,TRUE,'','',1),
(9,'2','TIME_TRIAL',TRUE,18,4,7,180,26650,45800,41,59,100,11,11,1,3,TRUE,'Find hot words in frenzy mode and get Double the Score','help6',2),
(9,'3','TIME_TRIAL',TRUE,18,4,7,215,27550,47150,40,59,100,11,12,1,3,TRUE,'','',3),
(9,'4','TIME_TRIAL',TRUE,18,4,8,215,27550,47150,40,59,100,11,12,1,3,TRUE,'','',4),
(9,'5','TIME_TRIAL',TRUE,21,4,8,250,32900,57400,40,58,100,12,11,2,3,TRUE,'','',5),
(9,'6','TIME_TRIAL',TRUE,21,4,8,250,32900,57400,40,58,100,12,11,2,3,TRUE,'','',6),
(9,'7','TIME_TRIAL',TRUE,21,4,9,250,33900,59400,40,58,100,12,12,3,3,TRUE,'','',7),
(9,'8','TIME_TRIAL',TRUE,21,4,9,250,33900,59400,40,58,100,12,12,3,3,TRUE,'','',8),
(9,'9','TIME_TRIAL',TRUE,24,4,9,285,39250,69200,40,57,100,12,12,4,3,TRUE,'','',9),
(9,'10','TIME_TRIAL',TRUE,24,3,10,285,40600,70550,39,58,100,12,12,4,3,TRUE,'','',10),
(9,'11','TIME_TRIAL',TRUE,24,3,10,285,41600,72550,39,58,100,12,12,5,3,TRUE,'','',11),
(9,'12','TIME_TRIAL',TRUE,24,3,10,285,41600,72550,39,58,100,12,12,5,3,TRUE,'','',12),
(9,'13','TIME_TRIAL',TRUE,27,3,11,320,46950,82800,39,57,100,12,12,6,3,TRUE,'','',13),
(9,'14','TIME_TRIAL',TRUE,27,3,11,320,46950,82800,39,57,100,12,12,6,3,TRUE,'','',14),
(9,'15','TIME_TRIAL',TRUE,27,2,12,320,47950,84800,40,57,100,12,12,7,3,TRUE,'','',15),

(10,'1','TIME_TRIAL',TRUE,24,4,7,285,37900,67850,41,56,100,12,12,4,3,TRUE,'','',1),
(10,'2','TIME_TRIAL',TRUE,24,4,7,285,37900,67850,41,56,100,12,12,4,3,TRUE,'','',2),
(10,'3','TIME_TRIAL',TRUE,24,4,7,285,38900,69850,41,56,100,12,12,5,3,TRUE,'','',3),
(10,'4','TIME_TRIAL',TRUE,24,4,8,285,41600,72550,39,58,100,12,12,5,3,TRUE,'','',4),
(10,'5','TIME_TRIAL',TRUE,27,4,8,320,46950,82800,39,57,100,12,12,6,3,TRUE,'','',5),
(10,'6','TIME_TRIAL',TRUE,27,4,8,320,46950,82800,39,57,100,12,12,6,3,TRUE,'','',6),
(10,'7','TIME_TRIAL',TRUE,27,4,9,320,47950,84800,40,57,100,12,12,7,3,TRUE,'','',7),
(10,'8','TIME_TRIAL',TRUE,27,4,9,320,47950,84800,40,57,100,12,12,7,3,TRUE,'','',8),
(10,'9','TIME_TRIAL',TRUE,30,4,9,360,54200,95500,39,57,100,12,12,8,3,TRUE,'','',9),
(10,'10','TIME_TRIAL',TRUE,30,3,10,360,54200,95500,39,57,100,12,12,8,3,TRUE,'','',10),
(10,'11','TIME_TRIAL',TRUE,30,3,10,360,58350,100650,38,58,100,12,12,9,3,TRUE,'','',11),
(10,'12','TIME_TRIAL',TRUE,30,3,10,360,58350,100650,38,58,100,12,12,9,3,TRUE,'','',12),
(10,'13','TIME_TRIAL',TRUE,33,3,11,395,64150,111350,38,58,100,12,12,10,3,TRUE,'','',13),
(10,'14','TIME_TRIAL',TRUE,33,3,11,395,64150,111350,38,58,100,12,12,10,3,TRUE,'','',14),
(10,'15','TIME_TRIAL',TRUE,33,2,12,395,65150,113350,38,58,100,12,12,11,3,TRUE,'','',15),

(11,'1','SCORE_TRIAL',TRUE,6,3,6,0,6000,6000,100,100,100,6,6,0,6,FALSE,'Swipe over the board to mark words. Find all words!','help1',1),
(11,'2','SCORE_TRIAL',TRUE,6,3,6,0,6000,6000,100,100,100,6,6,0,6,FALSE,'','',2),
(11,'3','SCORE_TRIAL',TRUE,6,3,6,0,6000,6000,100,100,100,7,7,0,3,FALSE,'Not all words are visible all the time. Watch out for hidden pages','help4',3),
(11,'4','TIME_TRIAL',TRUE,6,3,6,50,7350,8250,72,90,100,8,7,0,3,FALSE,'Keep an eye on the timer at the top. You do not wanna be too slow!','help3',4),
(11,'5','TIME_TRIAL',TRUE,6,3,6,50,7350,8250,72,90,100,8,8,0,3,FALSE,'','',5),
(11,'6','TIME_TRIAL',TRUE,9,3,6,80,11700,13050,68,90,100,8,9,0,3,FALSE,'','',6),
(11,'7','TIME_TRIAL',TRUE,9,3,7,80,11700,13500,66,87,100,9,9,0,3,FALSE,'','',7),
(11,'8','TIME_TRIAL',TRUE,9,3,7,90,12600,13950,64,91,100,10,9,0,3,FALSE,'','',8),
(11,'9','TIME_TRIAL',TRUE,9,3,7,90,12600,13950,64,91,100,9,10,0,3,FALSE,'','',9),
(11,'10','TIME_TRIAL',TRUE,12,3,8,120,16500,18750,64,88,100,10,10,0,3,FALSE,'','',10),
(11,'11','TIME_TRIAL',TRUE,12,3,8,120,16500,18750,64,88,100,10,10,0,3,FALSE,'','',11),
(11,'12','TIME_TRIAL',TRUE,12,3,9,120,16500,18750,64,88,100,10,10,0,3,FALSE,'','',12),
(11,'13','TIME_TRIAL',TRUE,15,3,9,150,21750,24450,61,89,100,10,10,0,3,FALSE,'','',13),
(11,'14','TIME_TRIAL',TRUE,15,3,10,150,21750,24450,61,89,100,10,10,0,3,FALSE,'','',14),
(11,'15','TIME_TRIAL',TRUE,15,3,10,150,21750,24450,61,89,100,10,10,0,3,FALSE,'','',15),

(12,'1','TIME_TRIAL',TRUE,12,4,7,80,14250,16050,74,89,100,8,8,0,3,FALSE,'','',1),
(12,'2','TIME_TRIAL',TRUE,12,4,7,80,14250,16050,74,89,100,8,8,0,3,FALSE,'','',2),
(12,'3','TIME_TRIAL',TRUE,12,4,7,95,16150,17950,72,90,100,8,9,1,3,FALSE,'Words highlited in red have double score','help2',3),
(12,'4','TIME_TRIAL',TRUE,12,4,7,95,16600,18400,70,91,100,9,9,1,3,FALSE,'','',4),
(12,'5','TIME_TRIAL',TRUE,15,4,7,135,22400,25100,67,90,100,10,9,2,3,FALSE,'','',5),
(12,'6','TIME_TRIAL',TRUE,15,4,8,135,22400,25100,67,90,100,10,10,2,3,FALSE,'','',6),
(12,'7','TIME_TRIAL',TRUE,15,4,8,135,22950,25650,70,90,100,10,11,3,3,FALSE,'','',7),
(12,'8','TIME_TRIAL',TRUE,15,4,8,135,22950,25650,70,90,100,11,11,3,3,FALSE,'','',8),
(12,'9','TIME_TRIAL',TRUE,18,4,8,180,29200,32350,68,91,100,12,11,4,3,FALSE,'','',9),
(12,'10','TIME_TRIAL',TRUE,18,3,9,180,30100,33250,66,91,100,12,12,4,3,FALSE,'','',10),
(12,'11','TIME_TRIAL',TRUE,18,3,9,180,31100,34250,67,91,100,12,12,5,3,FALSE,'','',11),
(12,'12','TIME_TRIAL',TRUE,18,3,9,180,31100,34250,67,91,100,12,12,5,3,FALSE,'','',12),
(12,'13','TIME_TRIAL',TRUE,21,3,10,210,36450,40050,67,92,100,12,12,6,3,FALSE,'','',13),
(12,'14','TIME_TRIAL',TRUE,21,3,11,210,36450,40050,67,92,100,12,12,6,3,FALSE,'','',14),
(12,'15','TIME_TRIAL',TRUE,21,2,12,210,37450,41050,68,92,100,12,12,7,3,FALSE,'','',15),

(13,'1','TIME_TRIAL',TRUE,15,4,7,105,21600,23400,76,93,100,10,10,3,3,FALSE,'','',1),
(13,'2','TIME_TRIAL',TRUE,15,4,7,105,21600,23400,76,93,100,10,10,3,3,FALSE,'','',2),
(13,'3','TIME_TRIAL',TRUE,15,4,7,150,21300,36000,41,60,100,11,10,0,3,TRUE,'Notice the Frenzy Bar! Find three words in quick successions and then score huge bonuses','help5',3),
(13,'4','TIME_TRIAL',TRUE,15,4,8,150,21300,36000,41,60,100,10,11,0,3,TRUE,'','',4),
(13,'5','TIME_TRIAL',TRUE,18,4,8,180,25650,43800,41,59,100,11,11,0,3,TRUE,'','',5),
(13,'6','TIME_TRIAL',TRUE,18,4,8,180,25650,43800,41,59,100,11,11,0,3,TRUE,'','',6),
(13,'7','TIME_TRIAL',TRUE,18,4,9,180,25650,43800,41,59,100,11,11,0,3,TRUE,'','',7),
(13,'8','TIME_TRIAL',TRUE,18,4,9,215,26550,45150,39,59,100,11,12,0,3,TRUE,'','',8),
(13,'9','TIME_TRIAL',TRUE,21,4,9,250,31800,54300,38,59,100,12,11,0,3,TRUE,'','',9),
(13,'10','TIME_TRIAL',TRUE,21,3,10,250,31800,54300,38,59,100,12,12,0,3,TRUE,'','',10),
(13,'11','TIME_TRIAL',TRUE,21,3,10,250,31800,54300,38,59,100,12,12,0,3,TRUE,'','',11),
(13,'12','TIME_TRIAL',TRUE,21,3,10,250,31800,54300,38,59,100,12,12,0,3,TRUE,'','',12),
(13,'13','TIME_TRIAL',TRUE,24,3,11,285,36600,62550,38,59,100,12,12,0,3,TRUE,'','',13),
(13,'14','TIME_TRIAL',TRUE,24,3,11,285,36600,62550,38,59,100,12,12,0,3,TRUE,'','',14),
(13,'15','TIME_TRIAL',TRUE,24,2,12,285,36600,62550,38,59,100,12,12,0,3,TRUE,'','',15),

(14,'1','TIME_TRIAL',TRUE,18,4,7,180,24750,42900,41,58,100,11,11,0,3,TRUE,'','',1),
(14,'2','TIME_TRIAL',TRUE,18,4,7,180,26650,45800,41,59,100,11,11,1,3,TRUE,'Find hot words in frenzy mode and get Double the Score','help6',2),
(14,'3','TIME_TRIAL',TRUE,18,4,7,215,27550,47150,40,59,100,11,12,1,3,TRUE,'','',3),
(14,'4','TIME_TRIAL',TRUE,18,4,8,215,27550,47150,40,59,100,11,12,1,3,TRUE,'','',4),
(14,'5','TIME_TRIAL',TRUE,21,4,8,250,32900,57400,40,58,100,12,11,2,3,TRUE,'','',5),
(14,'6','TIME_TRIAL',TRUE,21,4,8,250,32900,57400,40,58,100,12,11,2,3,TRUE,'','',6),
(14,'7','TIME_TRIAL',TRUE,21,4,9,250,33900,59400,40,58,100,12,12,3,3,TRUE,'','',7),
(14,'8','TIME_TRIAL',TRUE,21,4,9,250,33900,59400,40,58,100,12,12,3,3,TRUE,'','',8),
(14,'9','TIME_TRIAL',TRUE,24,4,9,285,39250,69200,40,57,100,12,12,4,3,TRUE,'','',9),
(14,'10','TIME_TRIAL',TRUE,24,3,10,285,40600,70550,39,58,100,12,12,4,3,TRUE,'','',10),
(14,'11','TIME_TRIAL',TRUE,24,3,10,285,41600,72550,39,58,100,12,12,5,3,TRUE,'','',11),
(14,'12','TIME_TRIAL',TRUE,24,3,10,285,41600,72550,39,58,100,12,12,5,3,TRUE,'','',12),
(14,'13','TIME_TRIAL',TRUE,27,3,11,320,46950,82800,39,57,100,12,12,6,3,TRUE,'','',13),
(14,'14','TIME_TRIAL',TRUE,27,3,11,320,46950,82800,39,57,100,12,12,6,3,TRUE,'','',14),
(14,'15','TIME_TRIAL',TRUE,27,2,12,320,47950,84800,40,57,100,12,12,7,3,TRUE,'','',15),

(15,'1','TIME_TRIAL',TRUE,24,4,7,285,37900,67850,41,56,100,12,12,4,3,TRUE,'','',1),
(15,'2','TIME_TRIAL',TRUE,24,4,7,285,37900,67850,41,56,100,12,12,4,3,TRUE,'','',2),
(15,'3','TIME_TRIAL',TRUE,24,4,7,285,38900,69850,41,56,100,12,12,5,3,TRUE,'','',3),
(15,'4','TIME_TRIAL',TRUE,24,4,8,285,41600,72550,39,58,100,12,12,5,3,TRUE,'','',4),
(15,'5','TIME_TRIAL',TRUE,27,4,8,320,46950,82800,39,57,100,12,12,6,3,TRUE,'','',5),
(15,'6','TIME_TRIAL',TRUE,27,4,8,320,46950,82800,39,57,100,12,12,6,3,TRUE,'','',6),
(15,'7','TIME_TRIAL',TRUE,27,4,9,320,47950,84800,40,57,100,12,12,7,3,TRUE,'','',7),
(15,'8','TIME_TRIAL',TRUE,27,4,9,320,47950,84800,40,57,100,12,12,7,3,TRUE,'','',8),
(15,'9','TIME_TRIAL',TRUE,30,4,9,360,54200,95500,39,57,100,12,12,8,3,TRUE,'','',9),
(15,'10','TIME_TRIAL',TRUE,30,3,10,360,54200,95500,39,57,100,12,12,8,3,TRUE,'','',10),
(15,'11','TIME_TRIAL',TRUE,30,3,10,360,55200,97500,40,57,100,12,12,9,3,TRUE,'','',11),
(15,'12','TIME_TRIAL',TRUE,30,3,10,360,58350,100650,38,58,100,12,12,9,3,TRUE,'','',12),
(15,'13','TIME_TRIAL',TRUE,33,3,11,395,64150,111350,38,58,100,12,12,10,3,TRUE,'','',13),
(15,'14','TIME_TRIAL',TRUE,33,3,11,395,64150,111350,38,58,100,12,12,10,3,TRUE,'','',14),
(15,'15','TIME_TRIAL',TRUE,33,2,12,395,65150,113350,38,58,100,12,12,11,3,TRUE,'','',15),

(16,'1','SCORE_TRIAL',TRUE,6,3,6,0,6000,6000,100,100,100,6,6,0,6,FALSE,'Swipe over the board to mark words. Find all words!','help1',1),
(16,'2','SCORE_TRIAL',TRUE,6,3,6,0,6000,6000,100,100,100,6,6,0,6,FALSE,'','',2),
(16,'3','SCORE_TRIAL',TRUE,6,3,6,0,6000,6000,100,100,100,7,7,0,3,FALSE,'Not all words are visible all the time. Watch out for hidden pages','help4',3),
(16,'4','TIME_TRIAL',TRUE,6,3,6,50,7350,8250,72,90,100,8,7,0,3,FALSE,'Keep an eye on the timer at the top. You do not wanna be too slow!','help3',4),
(16,'5','TIME_TRIAL',TRUE,6,3,6,50,7350,8250,72,90,100,8,8,0,3,FALSE,'','',5),
(16,'6','TIME_TRIAL',TRUE,9,3,6,80,11700,13050,68,90,100,8,9,0,3,FALSE,'','',6),
(16,'7','TIME_TRIAL',TRUE,9,3,7,80,11700,13500,66,87,100,9,9,0,3,FALSE,'','',7),
(16,'8','TIME_TRIAL',TRUE,9,3,7,90,12600,13950,64,91,100,10,9,0,3,FALSE,'','',8),
(16,'9','TIME_TRIAL',TRUE,9,3,7,90,12600,13950,64,91,100,9,10,0,3,FALSE,'','',9),
(16,'10','TIME_TRIAL',TRUE,12,3,8,120,16500,18750,64,88,100,10,10,0,3,FALSE,'','',10),
(16,'11','TIME_TRIAL',TRUE,12,3,8,120,16500,18750,64,88,100,10,10,0,3,FALSE,'','',11),
(16,'12','TIME_TRIAL',TRUE,12,3,9,120,16500,18750,64,88,100,10,10,0,3,FALSE,'','',12),
(16,'13','TIME_TRIAL',TRUE,15,3,9,150,21750,24450,61,89,100,10,10,0,3,FALSE,'','',13),
(16,'14','TIME_TRIAL',TRUE,15,3,10,150,21750,24450,61,89,100,10,10,0,3,FALSE,'','',14),
(16,'15','TIME_TRIAL',TRUE,15,3,10,150,21750,24450,61,89,100,10,10,0,3,FALSE,'','',15),

(17,'1','TIME_TRIAL',TRUE,12,4,7,80,14250,16050,74,89,100,8,8,0,3,FALSE,'','',1),
(17,'2','TIME_TRIAL',TRUE,12,4,7,80,14250,16050,74,89,100,8,8,0,3,FALSE,'','',2),
(17,'3','TIME_TRIAL',TRUE,12,4,7,95,16150,17950,72,90,100,8,9,1,3,FALSE,'Words highlited in red have double score','help2',3),
(17,'4','TIME_TRIAL',TRUE,12,4,7,95,16600,18400,70,91,100,9,9,1,3,FALSE,'','',4),
(17,'5','TIME_TRIAL',TRUE,15,4,7,135,22400,25100,67,90,100,10,9,2,3,FALSE,'','',5),
(17,'6','TIME_TRIAL',TRUE,15,4,8,135,22400,25100,67,90,100,10,10,2,3,FALSE,'','',6),
(17,'7','TIME_TRIAL',TRUE,15,4,8,135,22950,25650,70,90,100,10,11,3,3,FALSE,'','',7),
(17,'8','TIME_TRIAL',TRUE,15,4,8,135,22950,25650,70,90,100,11,11,3,3,FALSE,'','',8),
(17,'9','TIME_TRIAL',TRUE,18,4,8,180,29200,32350,68,91,100,12,11,4,3,FALSE,'','',9),
(17,'10','TIME_TRIAL',TRUE,18,3,9,180,30100,33250,66,91,100,12,12,4,3,FALSE,'','',10),
(17,'11','TIME_TRIAL',TRUE,18,3,9,180,31100,34250,67,91,100,12,12,5,3,FALSE,'','',11),
(17,'12','TIME_TRIAL',TRUE,18,3,9,180,31100,34250,67,91,100,12,12,5,3,FALSE,'','',12),
(17,'13','TIME_TRIAL',TRUE,21,3,10,210,36450,40050,67,92,100,12,12,6,3,FALSE,'','',13),
(17,'14','TIME_TRIAL',TRUE,21,3,11,210,36450,40050,67,92,100,12,12,6,3,FALSE,'','',14),
(17,'15','TIME_TRIAL',TRUE,21,2,12,210,37450,41050,68,92,100,12,12,7,3,FALSE,'','',15),

(18,'1','TIME_TRIAL',TRUE,15,4,7,105,21600,23400,76,93,100,10,10,3,3,FALSE,'','',1),
(18,'2','TIME_TRIAL',TRUE,15,4,7,105,21600,23400,76,93,100,10,10,3,3,FALSE,'','',2),
(18,'3','TIME_TRIAL',TRUE,15,4,7,150,21300,36000,41,60,100,11,10,0,3,TRUE,'Notice the Frenzy Bar! Find three words in quick successions and then score huge bonuses','help5',3),
(18,'4','TIME_TRIAL',TRUE,15,4,8,150,21300,36000,41,60,100,10,11,0,3,TRUE,'','',4),
(18,'5','TIME_TRIAL',TRUE,18,4,8,180,25650,43800,41,59,100,11,11,0,3,TRUE,'','',5),
(18,'6','TIME_TRIAL',TRUE,18,4,8,180,25650,43800,41,59,100,11,11,0,3,TRUE,'','',6),
(18,'7','TIME_TRIAL',TRUE,18,4,9,180,25650,43800,41,59,100,11,11,0,3,TRUE,'','',7),
(18,'8','TIME_TRIAL',TRUE,18,4,9,215,26550,45150,39,59,100,11,12,0,3,TRUE,'','',8),
(18,'9','TIME_TRIAL',TRUE,21,4,9,250,31800,54300,38,59,100,12,11,0,3,TRUE,'','',9),
(18,'10','TIME_TRIAL',TRUE,21,3,10,250,31800,54300,38,59,100,12,12,0,3,TRUE,'','',10),
(18,'11','TIME_TRIAL',TRUE,21,3,10,250,31800,54300,38,59,100,12,12,0,3,TRUE,'','',11),
(18,'12','TIME_TRIAL',TRUE,21,3,10,250,31800,54300,38,59,100,12,12,0,3,TRUE,'','',12),
(18,'13','TIME_TRIAL',TRUE,24,3,11,285,36600,62550,38,59,100,12,12,0,3,TRUE,'','',13),
(18,'14','TIME_TRIAL',TRUE,24,3,11,285,36600,62550,38,59,100,12,12,0,3,TRUE,'','',14),
(18,'15','TIME_TRIAL',TRUE,24,2,12,285,36600,62550,38,59,100,12,12,0,3,TRUE,'','',15),

(19,'1','TIME_TRIAL',TRUE,18,4,7,180,24750,42900,41,58,100,11,11,0,3,TRUE,'','',1),
(19,'2','TIME_TRIAL',TRUE,18,4,7,180,26650,45800,41,59,100,11,11,1,3,TRUE,'Find hot words in frenzy mode and get Double the Score','help6',2),
(19,'3','TIME_TRIAL',TRUE,18,4,7,215,27550,47150,40,59,100,11,12,1,3,TRUE,'','',3),
(19,'4','TIME_TRIAL',TRUE,18,4,8,215,27550,47150,40,59,100,11,12,1,3,TRUE,'','',4),
(19,'5','TIME_TRIAL',TRUE,21,4,8,250,32900,57400,40,58,100,12,11,2,3,TRUE,'','',5),
(19,'6','TIME_TRIAL',TRUE,21,4,8,250,32900,57400,40,58,100,12,11,2,3,TRUE,'','',6),
(19,'7','TIME_TRIAL',TRUE,21,4,9,250,33900,59400,40,58,100,12,12,3,3,TRUE,'','',7),
(19,'8','TIME_TRIAL',TRUE,21,4,9,250,33900,59400,40,58,100,12,12,3,3,TRUE,'','',8),
(19,'9','TIME_TRIAL',TRUE,24,4,9,285,39250,69200,40,57,100,12,12,4,3,TRUE,'','',9),
(19,'10','TIME_TRIAL',TRUE,24,3,10,285,40600,70550,39,58,100,12,12,4,3,TRUE,'','',10),
(19,'11','TIME_TRIAL',TRUE,24,3,10,285,41600,72550,39,58,100,12,12,5,3,TRUE,'','',11),
(19,'12','TIME_TRIAL',TRUE,24,3,10,285,41600,72550,39,58,100,12,12,5,3,TRUE,'','',12),
(19,'13','TIME_TRIAL',TRUE,27,3,11,320,46950,82800,39,57,100,12,12,6,3,TRUE,'','',13),
(19,'14','TIME_TRIAL',TRUE,27,3,11,320,46950,82800,39,57,100,12,12,6,3,TRUE,'','',14),
(19,'15','TIME_TRIAL',TRUE,27,2,12,320,47950,84800,40,57,100,12,12,7,3,TRUE,'','',15),

(20,'1','TIME_TRIAL',TRUE,24,4,7,285,37900,67850,41,56,100,12,12,4,3,TRUE,'','',1),
(20,'2','TIME_TRIAL',TRUE,24,4,7,285,37900,67850,41,56,100,12,12,4,3,TRUE,'','',2),
(20,'3','TIME_TRIAL',TRUE,24,4,7,285,38900,69850,41,56,100,12,12,5,3,TRUE,'','',3),
(20,'4','TIME_TRIAL',TRUE,24,4,8,285,41600,72550,39,58,100,12,12,5,3,TRUE,'','',4),
(20,'5','TIME_TRIAL',TRUE,27,4,8,320,46950,82800,39,57,100,12,12,6,3,TRUE,'','',5),
(20,'6','TIME_TRIAL',TRUE,27,4,8,320,46950,82800,39,57,100,12,12,6,3,TRUE,'','',6),
(20,'7','TIME_TRIAL',TRUE,27,4,9,320,47950,84800,40,57,100,12,12,7,3,TRUE,'','',7),
(20,'8','TIME_TRIAL',TRUE,27,4,9,320,47950,84800,40,57,100,12,12,7,3,TRUE,'','',8),
(20,'9','TIME_TRIAL',TRUE,30,4,9,360,54200,95500,39,57,100,12,12,8,3,TRUE,'','',9),
(20,'10','TIME_TRIAL',TRUE,30,3,10,360,54200,95500,39,57,100,12,12,8,3,TRUE,'','',10),
(20,'11','TIME_TRIAL',TRUE,30,3,10,360,55200,97500,40,57,100,12,12,9,3,TRUE,'','',11),
(20,'12','TIME_TRIAL',TRUE,30,3,10,360,58350,100650,38,58,100,12,12,9,3,TRUE,'','',12),
(20,'13','TIME_TRIAL',TRUE,33,3,11,395,64150,111350,38,58,100,12,12,10,3,TRUE,'','',13),
(20,'14','TIME_TRIAL',TRUE,33,3,11,395,64150,111350,38,58,100,12,12,10,3,TRUE,'','',14),
(20,'15','TIME_TRIAL',TRUE,33,2,12,395,65150,113350,38,58,100,12,12,11,3,TRUE,'','',15),

(21,'1','TIME_TRIAL',TRUE,6,3,6,35,13900,15800,75,88,100,6,6,0,3,FALSE,'Find these numbers! It is harder than it looks','Help8',1),
(21,'2','TIME_TRIAL',TRUE,6,3,6,50,14850,16750,71,89,100,6,7,0,3,FALSE,'','',2),
(21,'3','TIME_TRIAL',TRUE,6,3,6,70,16750,19600,61,86,100,6,8,0,3,FALSE,'','',3),
(21,'4','TIME_TRIAL',TRUE,9,3,6,105,25600,29400,61,88,100,6,8,0,3,FALSE,'','',4),
(21,'5','TIME_TRIAL',TRUE,9,3,6,105,25600,29400,61,88,100,6,8,0,3,FALSE,'','',5),
(21,'6','TIME_TRIAL',TRUE,9,3,7,105,25600,29400,61,88,100,8,7,0,3,FALSE,'','',6),
(21,'7','TIME_TRIAL',TRUE,12,3,7,140,35400,40150,59,89,100,8,7,0,3,FALSE,'','',7),
(21,'8','TIME_TRIAL',TRUE,12,3,7,140,35400,40150,59,89,100,8,7,0,3,FALSE,'','',8),
(21,'9','TIME_TRIAL',TRUE,12,2,7,140,35400,40150,59,89,100,8,8,0,3,FALSE,'','',9),
(21,'10','TIME_TRIAL',TRUE,15,2,7,180,45200,51850,57,88,100,8,8,0,3,FALSE,'','',10),
(21,'11','TIME_TRIAL',TRUE,15,2,7,180,45200,51850,57,88,100,8,8,0,3,FALSE,'','',11),
(21,'12','TIME_TRIAL',TRUE,15,2,7,180,47100,53750,55,88,100,8,8,0,3,FALSE,'','',12),
(21,'13','TIME_TRIAL',TRUE,18,2,7,215,55950,64500,55,87,100,8,8,0,3,FALSE,'','',13),
(21,'14','TIME_TRIAL',TRUE,18,2,7,215,55950,64500,55,87,100,8,8,0,3,FALSE,'','',14),
(21,'15','TIME_TRIAL',TRUE,18,2,7,215,55950,64500,55,87,100,8,8,0,3,FALSE,'','',15),

(22,'1','TIME_TRIAL',TRUE,6,3,5,40,13900,21800,55,64,100,7,7,0,3,TRUE,'Solve the equations and find the results','Help8',1),
(22,'2','TIME_TRIAL',TRUE,6,3,5,40,13900,21800,55,64,100,7,7,0,3,TRUE,'','',2),
(22,'3','TIME_TRIAL',TRUE,6,2,5,50,14850,23700,50,63,100,7,8,0,3,TRUE,'','',3),
(22,'4','TIME_TRIAL',TRUE,9,2,5,105,26550,42350,42,63,100,7,9,0,3,TRUE,'','',4),
(22,'5','TIME_TRIAL',TRUE,9,2,5,125,28450,45200,39,63,100,6,10,0,3,TRUE,'','',5),
(22,'6','TIME_TRIAL',TRUE,9,2,6,80,23700,39500,45,60,100,8,7,0,3,TRUE,'','',6),
(22,'7','TIME_TRIAL',TRUE,12,2,6,140,35400,59100,40,60,100,9,7,0,3,TRUE,'','',7),
(22,'8','TIME_TRIAL',TRUE,12,2,6,165,37300,61950,38,61,100,10,7,0,3,TRUE,'','',8),
(22,'9','TIME_TRIAL',TRUE,12,2,6,105,31600,54350,44,59,100,8,8,0,3,TRUE,'','',9),
(22,'10','TIME_TRIAL',TRUE,15,2,6,180,45200,75850,39,60,100,8,9,0,3,TRUE,'','',10),
(22,'11','TIME_TRIAL',TRUE,15,2,6,210,47100,79650,37,60,100,8,10,0,3,TRUE,'','',11),
(22,'12','TIME_TRIAL',TRUE,15,2,6,180,47100,77750,38,61,100,9,9,0,3,TRUE,'','',12),
(22,'13','TIME_TRIAL',TRUE,18,2,6,250,58800,98300,36,60,100,10,9,0,3,TRUE,'','',13),
(22,'14','TIME_TRIAL',TRUE,18,2,6,250,58800,98300,36,60,100,10,10,0,3,TRUE,'','',14),
(22,'15','TIME_TRIAL',TRUE,18,2,6,250,58800,98300,36,60,100,10,10,0,3,TRUE,'','',15),

(23,'1','TIME_TRIAL',TRUE,15,2,5,120,40550,71300,44,57,100,10,10,1,3,TRUE,'','',1),
(23,'2','TIME_TRIAL',TRUE,15,2,5,120,40550,71300,44,57,100,10,10,1,3,TRUE,'','',2),
(23,'3','TIME_TRIAL',TRUE,15,2,5,120,42550,75300,45,57,100,10,10,2,3,TRUE,'Hot Numbers!','Help9',3),
(23,'4','TIME_TRIAL',TRUE,18,2,5,140,51400,90150,44,58,100,10,10,2,3,TRUE,'','',4),
(23,'5','TIME_TRIAL',TRUE,18,2,5,140,51400,90150,44,58,100,10,10,2,3,TRUE,'','',5),
(23,'6','TIME_TRIAL',TRUE,18,2,5,140,53400,94150,44,57,100,10,10,3,3,TRUE,'','',6),
(23,'7','TIME_TRIAL',TRUE,21,2,5,165,61300,109950,43,56,100,10,10,3,3,TRUE,'','',7),
(23,'8','TIME_TRIAL',TRUE,21,2,6,250,68900,120400,39,58,100,11,11,3,3,TRUE,'','',8),
(23,'9','TIME_TRIAL',TRUE,21,2,6,250,68900,120400,39,58,100,11,11,3,3,TRUE,'','',9),
(23,'10','TIME_TRIAL',TRUE,24,2,6,285,82600,143050,39,58,100,11,11,4,3,TRUE,'','',10),
(23,'11','TIME_TRIAL',TRUE,24,2,6,285,82600,143050,39,58,100,11,11,4,3,TRUE,'','',11),
(23,'12','TIME_TRIAL',TRUE,24,2,6,380,91150,155400,36,59,100,12,12,4,3,TRUE,'','',12),
(23,'13','TIME_TRIAL',TRUE,27,2,6,430,101900,175000,35,59,100,12,12,4,3,TRUE,'','',13),
(23,'14','TIME_TRIAL',TRUE,27,2,6,430,101900,175000,35,59,100,12,12,4,3,TRUE,'','',14),
(23,'15','TIME_TRIAL',TRUE,27,2,6,430,103900,179000,35,59,100,12,12,5,3,TRUE,'','',15),

(24,'1','TIME_TRIAL',TRUE,18,2,5,140,47500,85200,44,56,100,10,10,1,3,TRUE,'','',1),
(24,'2','TIME_TRIAL',FALSE,18,2,5,140,47500,85200,44,56,100,10,10,1,3,TRUE,'','',2),
(24,'3','TIME_TRIAL',FALSE,18,2,5,140,51400,90150,44,58,100,10,10,2,3,TRUE,'','',3),
(24,'4','TIME_TRIAL',FALSE,21,2,5,250,66900,116400,39,58,100,11,11,2,3,TRUE,'','',4),
(24,'5','TIME_TRIAL',FALSE,21,2,6,250,66900,116400,39,58,100,11,11,2,3,TRUE,'','',5),
(24,'6','TIME_TRIAL',FALSE,21,2,6,250,68900,120400,39,58,100,11,11,3,3,TRUE,'','',6),
(24,'7','TIME_TRIAL',FALSE,24,2,6,285,77750,136200,39,58,100,11,11,3,3,TRUE,'','',7),
(24,'8','TIME_TRIAL',FALSE,24,2,6,285,77750,136200,39,58,100,11,11,3,3,TRUE,'','',8),
(24,'9','TIME_TRIAL',FALSE,24,2,6,285,77750,136200,39,58,100,11,11,3,3,TRUE,'','',9),
(24,'10','TIME_TRIAL',FALSE,27,2,6,430,98100,170250,36,58,100,12,12,4,3,TRUE,'','',10),
(24,'11','TIME_TRIAL',FALSE,27,2,6,430,101900,175000,35,59,100,12,12,4,3,TRUE,'','',11),
(24,'12','TIME_TRIAL',FALSE,27,2,6,430,101900,175000,35,59,100,12,12,4,3,TRUE,'','',12),
(24,'13','TIME_TRIAL',FALSE,30,2,7,480,113600,193650,35,59,100,12,12,4,3,TRUE,'','',13),
(24,'14','TIME_TRIAL',FALSE,30,2,7,480,113600,193650,35,59,100,12,12,4,3,TRUE,'','',14),
(24,'15','TIME_TRIAL',FALSE,30,2,7,480,115600,197650,35,59,100,12,12,5,3,TRUE,'','',15),

(25,'1','TIME_TRIAL',TRUE,9,3,6,50,40350,43250,83,94,100,6,6,0,3,FALSE,'The anciant egyptians also played war of words','help10',1),
(25,'2','TIME_TRIAL',TRUE,9,3,6,70,43250,47600,75,91,100,6,7,0,3,FALSE,'','',2),
(25,'3','TIME_TRIAL',TRUE,9,3,6,80,44700,49050,73,92,100,6,8,0,3,FALSE,'','',3),
(25,'4','TIME_TRIAL',TRUE,9,3,6,95,46150,51950,69,89,100,6,9,0,3,FALSE,'','',4),
(25,'5','TIME_TRIAL',TRUE,12,3,6,140,62500,71200,67,88,100,6,10,0,3,FALSE,'','',5),
(25,'6','TIME_TRIAL',TRUE,12,3,6,105,59600,65400,73,92,100,8,7,0,3,FALSE,'','',6),
(25,'7','TIME_TRIAL',TRUE,12,3,6,130,65400,72650,66,91,100,9,7,0,3,FALSE,'','',7),
(25,'8','TIME_TRIAL',TRUE,12,3,6,140,65400,72650,66,91,100,10,7,0,3,FALSE,'','',8),
(25,'9','TIME_TRIAL',TRUE,15,3,6,135,77400,84650,70,92,100,8,8,0,3,FALSE,'','',9),
(25,'10','TIME_TRIAL',TRUE,15,3,6,165,81750,90450,66,91,100,8,9,0,3,FALSE,'','',10),
(25,'11','TIME_TRIAL',TRUE,15,3,6,180,83200,93350,64,90,100,8,10,0,3,FALSE,'','',11),
(25,'12','TIME_TRIAL',TRUE,15,3,6,165,84650,93350,64,91,100,9,9,0,3,FALSE,'','',12),
(25,'13','TIME_TRIAL',TRUE,18,3,6,215,102450,115500,62,89,100,10,9,0,3,FALSE,'','',13),
(25,'14','TIME_TRIAL',TRUE,18,3,6,215,102450,115500,62,89,100,10,10,0,3,FALSE,'','',14),
(25,'15','TIME_TRIAL',TRUE,18,3,6,215,102450,115500,62,89,100,10,10,0,3,FALSE,'','',15),

(26,'1','TIME_TRIAL',TRUE,21,3,6,145,107950,196650,46,55,100,10,10,2,3,TRUE,'Egypt is burning (well atleast the glyphs are)','help11',1),
(26,'2','TIME_TRIAL',TRUE,21,3,6,145,107950,196650,46,55,100,10,10,2,3,TRUE,'','',2),
(26,'3','TIME_TRIAL',TRUE,21,3,6,145,113400,206100,46,56,100,10,10,3,3,TRUE,'','',3),
(26,'4','TIME_TRIAL',TRUE,21,3,6,145,113400,206100,46,56,100,10,10,3,3,TRUE,'','',4),
(26,'5','TIME_TRIAL',TRUE,21,3,6,145,117400,214100,46,55,100,10,10,4,3,TRUE,'','',5),
(26,'6','TIME_TRIAL',TRUE,21,3,6,145,117400,214100,46,55,100,10,10,4,3,TRUE,'','',6),
(26,'7','TIME_TRIAL',TRUE,21,3,6,145,121400,222100,46,55,100,10,10,5,3,TRUE,'','',7),
(26,'8','TIME_TRIAL',TRUE,24,3,6,215,143550,259150,44,56,100,11,11,5,3,TRUE,'','',8),
(26,'9','TIME_TRIAL',TRUE,24,3,6,215,147550,267150,44,56,100,11,11,6,3,TRUE,'','',9),
(26,'10','TIME_TRIAL',TRUE,24,3,6,215,147550,267150,44,56,100,11,11,6,3,TRUE,'','',10),
(26,'11','TIME_TRIAL',TRUE,24,3,6,215,151550,275150,45,56,100,11,11,7,3,TRUE,'','',11),
(26,'12','TIME_TRIAL',TRUE,24,3,6,215,154450,279500,44,56,100,11,11,7,3,TRUE,'','',12),
(26,'13','TIME_TRIAL',TRUE,24,3,6,215,158450,287500,44,56,100,11,11,8,3,TRUE,'','',13),
(26,'14','TIME_TRIAL',TRUE,24,3,6,215,158450,287500,44,56,100,11,11,8,3,TRUE,'','',14),
(26,'15','TIME_TRIAL',TRUE,24,3,6,215,162450,295500,44,55,100,11,11,9,3,TRUE,'','',15),

(27,'1','TIME_TRIAL',TRUE,21,3,6,165,109400,199550,46,55,100,10,10,2,3,TRUE,'','',1),
(27,'2','TIME_TRIAL',TRUE,21,3,6,165,109400,199550,46,55,100,10,10,2,3,TRUE,'','',2),
(27,'3','TIME_TRIAL',TRUE,21,3,6,165,113400,207550,46,55,100,10,10,3,3,TRUE,'','',3),
(27,'4','TIME_TRIAL',TRUE,21,3,6,210,122100,219150,43,56,100,11,11,3,3,TRUE,'','',4),
(27,'5','TIME_TRIAL',TRUE,21,3,6,210,126100,227150,44,56,100,11,11,4,3,TRUE,'','',5),
(27,'6','TIME_TRIAL',TRUE,21,3,6,210,126100,227150,44,56,100,11,11,4,3,TRUE,'','',6),
(27,'7','TIME_TRIAL',TRUE,21,3,6,210,130100,235150,44,56,100,11,11,5,3,TRUE,'','',7),
(27,'8','TIME_TRIAL',TRUE,24,3,6,240,146450,264950,43,56,100,11,11,5,3,TRUE,'','',8),
(27,'9','TIME_TRIAL',TRUE,24,3,6,240,150450,272950,43,56,100,11,11,6,3,TRUE,'','',9),
(27,'10','TIME_TRIAL',TRUE,24,3,7,285,160600,284550,42,57,100,12,12,6,3,TRUE,'','',10),
(27,'11','TIME_TRIAL',TRUE,24,3,7,285,164600,292550,42,57,100,12,12,7,3,TRUE,'','',11),
(27,'12','TIME_TRIAL',TRUE,24,3,7,285,164600,292550,42,57,100,12,12,7,3,TRUE,'','',12),
(27,'13','TIME_TRIAL',TRUE,24,3,7,285,168600,300550,42,57,100,12,12,8,3,TRUE,'','',13),
(27,'14','TIME_TRIAL',TRUE,24,3,7,285,168600,300550,42,57,100,12,12,8,3,TRUE,'','',14),
(27,'15','TIME_TRIAL',TRUE,24,3,7,285,172600,308550,42,56,100,12,12,9,3,TRUE,'','',15),

(28,'1','TIME_TRIAL',FALSE,21,2,6,165,109400,199550,46,55,100,10,10,2,3,TRUE,'','',1),
(28,'2','TIME_TRIAL',FALSE,21,2,6,165,109400,199550,46,55,100,10,10,2,3,TRUE,'','',2),
(28,'3','TIME_TRIAL',FALSE,21,2,6,165,113400,207550,46,55,100,10,10,3,3,TRUE,'','',3),
(28,'4','TIME_TRIAL',FALSE,21,2,6,210,122100,219150,43,56,100,11,11,3,3,TRUE,'','',4),
(28,'5','TIME_TRIAL',FALSE,21,2,6,210,126100,227150,44,56,100,11,11,4,3,TRUE,'','',5),
(28,'6','TIME_TRIAL',FALSE,21,2,6,210,126100,227150,44,56,100,11,11,4,3,TRUE,'','',6),
(28,'7','TIME_TRIAL',FALSE,21,2,6,210,130100,235150,44,56,100,11,11,5,3,TRUE,'','',7),
(28,'8','TIME_TRIAL',FALSE,21,2,6,210,130100,235150,44,56,100,11,11,5,3,TRUE,'','',8),
(28,'9','TIME_TRIAL',FALSE,21,2,6,210,134100,243150,44,56,100,11,11,6,3,TRUE,'','',9),
(28,'10','TIME_TRIAL',FALSE,21,2,7,250,139900,250400,43,56,100,12,12,6,3,TRUE,'','',10),
(28,'11','TIME_TRIAL',FALSE,21,2,7,250,146800,261300,42,57,100,12,12,7,3,TRUE,'','',11),
(28,'12','TIME_TRIAL',FALSE,21,2,7,250,146800,261300,42,57,100,12,12,7,3,TRUE,'','',12),
(28,'13','TIME_TRIAL',FALSE,21,2,7,250,150800,269300,43,56,100,12,12,8,3,TRUE,'','',13),
(28,'14','TIME_TRIAL',FALSE,21,2,7,250,150800,269300,43,56,100,12,12,8,3,TRUE,'','',14),
(28,'15','TIME_TRIAL',FALSE,21,2,7,250,154800,277300,43,56,100,12,12,9,3,TRUE,'','',15),

(29,'1','TIME_TRIAL',TRUE,18,3,10,140,24500,44200,45,56,100,10,10,2,3,TRUE,'','',1),
(29,'2','TIME_TRIAL',TRUE,18,3,10,140,24500,44200,45,56,100,10,10,2,3,TRUE,'','',2),
(29,'3','TIME_TRIAL',TRUE,18,3,10,140,25500,46200,45,56,100,10,10,3,3,TRUE,'','',3),
(29,'4','TIME_TRIAL',TRUE,21,3,11,210,31200,56250,42,56,100,11,11,3,3,TRUE,'','',4),
(29,'5','TIME_TRIAL',TRUE,21,3,11,210,32200,58250,42,56,100,11,11,4,3,TRUE,'','',5),
(29,'6','TIME_TRIAL',TRUE,21,3,11,210,32200,58250,42,56,100,11,11,4,3,TRUE,'','',6),
(29,'7','TIME_TRIAL',TRUE,21,3,11,210,34100,61150,42,56,100,11,11,5,3,TRUE,'','',7),
(29,'8','TIME_TRIAL',TRUE,21,3,11,210,34100,61150,42,56,100,11,11,5,3,TRUE,'','',8),
(29,'9','TIME_TRIAL',TRUE,21,3,11,210,35100,63150,42,56,100,11,11,6,3,TRUE,'','',9),
(29,'10','TIME_TRIAL',TRUE,24,3,12,285,41250,73200,40,57,100,12,12,6,3,TRUE,'','',10),
(29,'11','TIME_TRIAL',TRUE,24,3,12,285,42250,75200,41,57,100,12,12,7,3,TRUE,'','',11),
(29,'12','TIME_TRIAL',TRUE,24,3,12,285,42250,75200,41,57,100,12,12,7,3,TRUE,'','',12),
(29,'13','TIME_TRIAL',TRUE,24,3,12,285,44600,78550,40,57,100,12,12,8,3,TRUE,'','',13),
(29,'14','TIME_TRIAL',TRUE,24,3,12,285,44600,78550,40,57,100,12,12,8,3,TRUE,'','',14),
(29,'15','TIME_TRIAL',TRUE,24,3,12,285,45600,80550,40,57,100,12,12,9,3,TRUE,'','',15),

(30,'1','TIME_TRIAL',TRUE,18,4,10,140,26500,48200,45,55,100,10,10,4,3,TRUE,'','',1),
(30,'2','TIME_TRIAL',TRUE,18,4,10,140,26500,48200,45,55,100,10,10,4,3,TRUE,'','',2),
(30,'3','TIME_TRIAL',TRUE,18,4,10,140,26500,48200,45,55,100,10,10,4,3,TRUE,'','',3),
(30,'4','TIME_TRIAL',TRUE,21,4,11,210,33100,59150,42,56,100,11,11,4,3,TRUE,'','',4),
(30,'5','TIME_TRIAL',TRUE,21,4,11,210,34100,61150,42,56,100,11,11,5,3,TRUE,'','',5),
(30,'6','TIME_TRIAL',TRUE,21,4,11,210,34100,61150,42,56,100,11,11,5,3,TRUE,'','',6),
(30,'7','TIME_TRIAL',TRUE,21,4,11,210,34100,61150,42,56,100,11,11,5,3,TRUE,'','',7),
(30,'8','TIME_TRIAL',TRUE,21,4,11,210,35100,63150,42,56,100,11,11,6,3,TRUE,'','',8),
(30,'9','TIME_TRIAL',TRUE,21,4,11,210,35100,63150,42,56,100,11,11,6,3,TRUE,'','',9),
(30,'10','TIME_TRIAL',TRUE,24,3,12,285,42600,74550,40,58,100,12,12,6,3,TRUE,'','',10),
(30,'11','TIME_TRIAL',TRUE,24,3,12,285,42600,74550,40,58,100,12,12,6,3,TRUE,'','',11),
(30,'12','TIME_TRIAL',TRUE,24,3,12,285,42600,74550,40,58,100,12,12,6,3,TRUE,'','',12),
(30,'13','TIME_TRIAL',TRUE,24,3,12,285,43600,76550,40,57,100,12,12,7,3,TRUE,'','',13),
(30,'14','TIME_TRIAL',TRUE,24,3,12,285,43600,76550,40,57,100,12,12,7,3,TRUE,'','',14),
(30,'15','TIME_TRIAL',TRUE,24,2,12,285,43600,76550,40,57,100,12,12,7,3,TRUE,'','',15),

(31,'1','TIME_TRIAL',TRUE,18,4,10,140,26500,48200,45,55,100,10,10,4,3,TRUE,'','',1),
(31,'2','TIME_TRIAL',TRUE,18,4,10,140,26500,48200,45,55,100,10,10,4,3,TRUE,'','',2),
(31,'3','TIME_TRIAL',TRUE,18,4,10,140,27400,48650,45,57,100,10,10,4,3,TRUE,'','',3),
(31,'4','TIME_TRIAL',TRUE,21,4,11,210,33100,59150,42,56,100,11,11,4,3,TRUE,'','',4),
(31,'5','TIME_TRIAL',TRUE,21,4,11,210,34100,61150,42,56,100,11,11,5,3,TRUE,'','',5),
(31,'6','TIME_TRIAL',TRUE,21,4,11,210,34100,61150,42,56,100,11,11,5,3,TRUE,'','',6),
(31,'7','TIME_TRIAL',TRUE,21,4,11,210,34100,61150,42,56,100,11,11,5,3,TRUE,'','',7),
(31,'8','TIME_TRIAL',TRUE,21,4,11,210,35100,63150,42,56,100,11,11,6,3,TRUE,'','',8),
(31,'9','TIME_TRIAL',TRUE,21,4,11,210,36450,64050,42,57,100,11,11,6,3,TRUE,'','',9),
(31,'10','TIME_TRIAL',TRUE,24,3,12,285,42600,74550,40,58,100,12,12,6,3,TRUE,'','',10),
(31,'11','TIME_TRIAL',TRUE,24,3,12,285,42600,74550,40,58,100,12,12,6,3,TRUE,'','',11),
(31,'12','TIME_TRIAL',TRUE,24,3,12,285,42600,74550,40,58,100,12,12,6,3,TRUE,'','',12),
(31,'13','TIME_TRIAL',TRUE,24,3,12,285,43600,76550,40,57,100,12,12,7,3,TRUE,'','',13),
(31,'14','TIME_TRIAL',TRUE,24,3,12,285,43600,76550,40,57,100,12,12,7,3,TRUE,'','',14),
(31,'15','TIME_TRIAL',TRUE,24,2,12,285,43600,76550,40,57,100,12,12,7,3,TRUE,'','',15),

(32,'1','TIME_TRIAL',TRUE,15,4,10,120,23050,41300,46,56,100,10,10,4,3,TRUE,'See if you know which element these symbols belong to','help12',1),
(32,'2','TIME_TRIAL',TRUE,15,4,10,120,23500,41750,45,57,100,10,10,4,3,TRUE,'','',2),
(32,'3','TIME_TRIAL',TRUE,15,4,10,150,24850,43550,43,58,100,11,10,4,3,TRUE,'','',3),
(32,'4','TIME_TRIAL',TRUE,15,4,10,150,24850,43550,43,58,100,10,11,4,3,TRUE,'','',4),
(32,'5','TIME_TRIAL',TRUE,15,4,11,150,25850,45550,43,57,100,11,11,5,3,TRUE,'','',5),
(32,'6','TIME_TRIAL',TRUE,15,4,11,150,25850,45550,43,57,100,11,11,5,3,TRUE,'','',6),
(32,'7','TIME_TRIAL',TRUE,18,4,11,180,30200,53350,43,57,100,11,11,5,3,TRUE,'','',7),
(32,'8','TIME_TRIAL',TRUE,18,4,11,215,32550,57150,41,57,100,11,12,6,3,TRUE,'','',8),
(32,'9','TIME_TRIAL',TRUE,18,4,11,215,32550,57150,41,57,100,12,11,6,3,TRUE,'','',9),
(32,'10','TIME_TRIAL',TRUE,21,3,12,250,37800,66300,40,58,100,12,12,6,3,TRUE,'','',10),
(32,'11','TIME_TRIAL',TRUE,21,3,12,250,37800,66300,40,58,100,12,12,6,3,TRUE,'','',11),
(32,'12','TIME_TRIAL',TRUE,21,3,12,250,37800,66300,40,58,100,12,12,6,3,TRUE,'','',12),
(32,'13','TIME_TRIAL',TRUE,21,3,12,250,38800,68300,40,57,100,12,12,7,3,TRUE,'','',13),
(32,'14','TIME_TRIAL',TRUE,21,3,12,250,38800,68300,40,57,100,12,12,7,3,TRUE,'','',14),
(32,'15','TIME_TRIAL',TRUE,21,2,12,250,38800,68300,40,57,100,12,12,7,3,TRUE,'','',15),

(33,'1','TIME_TRIAL',TRUE,18,4,10,140,26500,48200,45,55,100,10,10,4,3,TRUE,'See how well you do when your words are not highlited on the board','help13',1),
(33,'2','TIME_TRIAL',TRUE,18,4,10,140,26500,48200,45,55,100,10,10,4,3,TRUE,'','',2),
(33,'3','TIME_TRIAL',TRUE,18,4,10,180,28300,50450,43,57,100,11,10,4,3,TRUE,'','',3),
(33,'4','TIME_TRIAL',TRUE,21,4,10,210,33100,59150,42,56,100,10,11,4,3,TRUE,'','',4),
(33,'5','TIME_TRIAL',TRUE,21,4,11,210,34100,61150,42,56,100,11,11,5,3,TRUE,'','',5),
(33,'6','TIME_TRIAL',TRUE,21,4,11,210,34100,61150,42,56,100,11,11,5,3,TRUE,'','',6),
(33,'7','TIME_TRIAL',TRUE,21,4,11,210,34100,61150,42,56,100,11,11,5,3,TRUE,'','',7),
(33,'8','TIME_TRIAL',TRUE,21,4,11,250,36900,65400,41,57,100,11,12,6,3,TRUE,'','',8),
(33,'9','TIME_TRIAL',TRUE,21,4,11,250,36900,65400,41,57,100,12,11,6,3,TRUE,'','',9),
(33,'10','TIME_TRIAL',TRUE,24,3,12,285,41250,73200,40,57,100,12,12,6,3,TRUE,'','',10),
(33,'11','TIME_TRIAL',TRUE,24,3,12,285,41250,73200,40,57,100,12,12,6,3,TRUE,'','',11),
(33,'12','TIME_TRIAL',TRUE,24,3,12,285,42600,74550,40,58,100,12,12,6,3,TRUE,'','',12),
(33,'13','TIME_TRIAL',TRUE,24,3,12,285,43600,76550,40,57,100,12,12,7,3,TRUE,'','',13),
(33,'14','TIME_TRIAL',TRUE,24,3,12,285,43600,76550,40,57,100,12,12,7,3,TRUE,'','',14),
(33,'15','TIME_TRIAL',TRUE,24,2,12,285,43600,76550,40,57,100,12,12,7,3,TRUE,'','',15),

(34,'1','TIME_TRIAL',TRUE,18,4,10,140,26500,48200,45,55,100,10,10,4,3,TRUE,'','',1),
(34,'2','TIME_TRIAL',TRUE,18,4,10,140,26500,48200,45,55,100,10,10,4,3,TRUE,'','',2),
(34,'3','TIME_TRIAL',TRUE,18,4,10,180,28300,50450,43,57,100,11,10,4,3,TRUE,'','',3),
(34,'4','TIME_TRIAL',TRUE,21,4,10,210,32200,58250,42,56,100,10,11,4,3,TRUE,'','',4),
(34,'5','TIME_TRIAL',TRUE,21,4,11,210,33200,60250,43,56,100,11,11,5,3,TRUE,'','',5),
(34,'6','TIME_TRIAL',TRUE,21,4,11,210,33200,60250,43,56,100,11,11,5,3,TRUE,'','',6),
(34,'7','TIME_TRIAL',TRUE,21,4,11,210,35450,62050,41,58,100,11,11,5,3,TRUE,'','',7),
(34,'8','TIME_TRIAL',TRUE,21,4,11,250,37800,66300,40,58,100,11,12,6,3,TRUE,'','',8),
(34,'9','TIME_TRIAL',TRUE,21,4,11,250,37800,66300,40,58,100,12,11,6,3,TRUE,'','',9),
(34,'10','TIME_TRIAL',TRUE,24,3,12,285,42600,74550,40,58,100,12,12,6,3,TRUE,'','',10),
(34,'11','TIME_TRIAL',TRUE,24,3,12,285,42600,74550,40,58,100,12,12,6,3,TRUE,'','',11),
(34,'12','TIME_TRIAL',TRUE,24,3,12,285,42600,74550,40,58,100,12,12,6,3,TRUE,'','',12),
(34,'13','TIME_TRIAL',TRUE,24,3,12,285,43600,76550,40,57,100,12,12,7,3,TRUE,'','',13),
(34,'14','TIME_TRIAL',TRUE,24,3,12,285,45850,79250,39,58,100,12,12,7,3,TRUE,'','',14),
(34,'15','TIME_TRIAL',TRUE,24,2,12,285,45850,79250,39,58,100,12,12,7,3,TRUE,'','',15),

(35,'1','TIME_TRIAL',TRUE,18,4,10,140,27850,49550,44,57,100,10,10,4,3,TRUE,'','',1),
(35,'2','TIME_TRIAL',TRUE,18,4,10,140,27850,49550,44,57,100,10,10,4,3,TRUE,'','',2),
(35,'3','TIME_TRIAL',TRUE,18,4,10,180,30100,52250,42,58,100,11,10,4,3,TRUE,'','',3),
(35,'4','TIME_TRIAL',TRUE,21,4,10,210,34450,60050,41,58,100,10,11,4,3,TRUE,'','',4),
(35,'5','TIME_TRIAL',TRUE,21,4,11,210,37250,63850,40,59,100,11,11,5,3,TRUE,'','',5),
(35,'6','TIME_TRIAL',TRUE,21,4,11,210,37250,63850,40,59,100,11,11,5,3,TRUE,'','',6),
(35,'7','TIME_TRIAL',TRUE,21,4,11,210,37250,63850,40,59,100,11,11,5,3,TRUE,'','',7),
(35,'8','TIME_TRIAL',TRUE,21,4,11,250,40050,68550,39,59,100,11,12,6,3,TRUE,'','',8),
(35,'9','TIME_TRIAL',TRUE,21,4,11,250,40050,68550,39,59,100,12,11,6,3,TRUE,'','',9),
(35,'10','TIME_TRIAL',TRUE,24,3,12,285,44850,77250,38,59,100,12,12,6,3,TRUE,'','',10),
(35,'11','TIME_TRIAL',TRUE,24,3,12,285,44850,77250,38,59,100,12,12,6,3,TRUE,'','',11),
(35,'12','TIME_TRIAL',TRUE,24,3,12,285,47550,79950,37,60,100,12,12,6,3,TRUE,'','',12),
(35,'13','TIME_TRIAL',TRUE,24,3,12,285,48550,81950,37,60,100,12,12,7,3,TRUE,'','',13),
(35,'14','TIME_TRIAL',TRUE,24,3,12,285,48550,81950,37,60,100,12,12,7,3,TRUE,'','',14),
(35,'15','TIME_TRIAL',TRUE,24,2,12,285,48550,81950,37,60,100,12,12,7,3,TRUE,'','',15),

(36,'1','TIME_TRIAL',TRUE,18,4,10,140,26500,48200,45,55,100,10,10,4,3,TRUE,'','',1),
(36,'2','TIME_TRIAL',TRUE,18,4,10,140,26500,48200,45,55,100,10,10,4,3,TRUE,'','',2),
(36,'3','TIME_TRIAL',TRUE,18,4,10,215,29650,52250,42,57,100,11,10,4,3,TRUE,'','',3),
(36,'4','TIME_TRIAL',TRUE,21,4,10,250,33550,60050,41,56,100,10,11,4,3,TRUE,'','',4),
(36,'5','TIME_TRIAL',TRUE,21,4,11,250,34550,62050,41,56,100,11,11,5,3,TRUE,'','',5),
(36,'6','TIME_TRIAL',TRUE,21,4,11,250,34550,62050,41,56,100,11,11,5,3,TRUE,'','',6),
(36,'7','TIME_TRIAL',TRUE,21,4,11,250,35900,63400,41,57,100,11,11,5,3,TRUE,'','',7),
(36,'8','TIME_TRIAL',TRUE,21,4,11,335,40500,70350,38,58,100,11,12,6,3,TRUE,'','',8),
(36,'9','TIME_TRIAL',TRUE,21,4,11,335,40500,70350,38,58,100,12,11,6,3,TRUE,'','',9),
(36,'10','TIME_TRIAL',TRUE,24,3,12,380,44850,79050,37,57,100,12,12,6,3,TRUE,'','',10),
(36,'11','TIME_TRIAL',TRUE,24,3,12,380,44850,79050,37,57,100,12,12,6,3,TRUE,'','',11),
(36,'12','TIME_TRIAL',TRUE,24,3,12,380,44850,79050,37,57,100,12,12,6,3,TRUE,'','',12),
(36,'13','TIME_TRIAL',TRUE,24,3,12,380,45850,81050,38,57,100,12,12,7,3,TRUE,'','',13),
(36,'14','TIME_TRIAL',TRUE,24,3,12,380,47650,82400,37,58,100,12,12,7,3,TRUE,'','',14),
(36,'15','TIME_TRIAL',TRUE,24,2,12,380,47650,82400,37,58,100,12,12,7,3,TRUE,'','',15),

(37,'1','TIME_TRIAL',TRUE,15,4,10,120,23050,41300,46,56,100,10,10,4,3,TRUE,'','',1),
(37,'2','TIME_TRIAL',TRUE,15,4,10,120,23050,41300,46,56,100,10,10,4,3,TRUE,'','',2),
(37,'3','TIME_TRIAL',TRUE,15,4,10,180,25300,44450,42,57,100,11,10,4,3,TRUE,'','',3),
(37,'4','TIME_TRIAL',TRUE,15,4,10,180,25300,44450,42,57,100,10,11,4,3,TRUE,'','',4),
(37,'5','TIME_TRIAL',TRUE,15,4,11,180,27200,47350,42,58,100,11,11,5,3,TRUE,'','',5),
(37,'6','TIME_TRIAL',TRUE,15,4,11,180,27200,47350,42,58,100,11,11,5,3,TRUE,'','',6),
(37,'7','TIME_TRIAL',TRUE,18,4,11,215,31550,55150,41,58,100,11,11,5,3,TRUE,'','',7),
(37,'8','TIME_TRIAL',TRUE,18,4,11,285,35250,61200,39,58,100,11,12,6,3,TRUE,'','',8),
(37,'9','TIME_TRIAL',TRUE,18,4,11,285,35250,61200,39,58,100,12,11,6,3,TRUE,'','',9),
(37,'10','TIME_TRIAL',TRUE,21,3,12,335,40500,70350,38,58,100,12,12,6,3,TRUE,'','',10),
(37,'11','TIME_TRIAL',TRUE,21,3,12,335,40500,70350,38,58,100,12,12,6,3,TRUE,'','',11),
(37,'12','TIME_TRIAL',TRUE,21,3,12,335,41850,71700,37,59,100,12,12,6,3,TRUE,'','',12),
(37,'13','TIME_TRIAL',TRUE,21,3,12,335,42850,73700,37,59,100,12,12,7,3,TRUE,'','',13),
(37,'14','TIME_TRIAL',TRUE,21,3,12,335,42850,73700,37,59,100,12,12,7,3,TRUE,'','',14),
(37,'15','TIME_TRIAL',TRUE,21,2,12,335,42850,73700,37,59,100,12,12,7,3,TRUE,'','',15),

(38,'1','TIME_TRIAL',TRUE,18,4,10,140,26500,48200,45,55,100,10,10,4,3,TRUE,'','',1),
(38,'2','TIME_TRIAL',TRUE,18,4,10,140,26500,48200,45,55,100,10,10,4,3,TRUE,'','',2),
(38,'3','TIME_TRIAL',TRUE,18,4,10,215,29650,52250,42,57,100,11,10,4,3,TRUE,'','',3),
(38,'4','TIME_TRIAL',TRUE,21,4,10,250,33550,60050,41,56,100,10,11,4,3,TRUE,'','',4),
(38,'5','TIME_TRIAL',TRUE,21,4,11,250,34550,62050,41,56,100,11,11,5,3,TRUE,'','',5),
(38,'6','TIME_TRIAL',TRUE,21,4,11,250,34550,62050,41,56,100,11,11,5,3,TRUE,'','',6),
(38,'7','TIME_TRIAL',TRUE,21,4,11,250,35900,63400,41,57,100,11,11,5,3,TRUE,'','',7),
(38,'8','TIME_TRIAL',TRUE,21,4,11,335,40500,70350,38,58,100,11,12,6,3,TRUE,'','',8),
(38,'9','TIME_TRIAL',TRUE,21,4,11,335,40500,70350,38,58,100,12,11,6,3,TRUE,'','',9),
(38,'10','TIME_TRIAL',TRUE,24,3,12,380,44850,79050,37,57,100,12,12,6,3,TRUE,'','',10),
(38,'11','TIME_TRIAL',TRUE,24,3,12,380,44850,79050,37,57,100,12,12,6,3,TRUE,'','',11),
(38,'12','TIME_TRIAL',TRUE,24,3,12,380,44850,79050,37,57,100,12,12,6,3,TRUE,'','',12),
(38,'13','TIME_TRIAL',TRUE,24,3,12,380,45850,81050,38,57,100,12,12,7,3,TRUE,'','',13),
(38,'14','TIME_TRIAL',TRUE,24,3,12,380,47650,82400,37,58,100,12,12,7,3,TRUE,'','',14),
(38,'15','TIME_TRIAL',TRUE,24,2,12,380,47650,82400,37,58,100,12,12,7,3,TRUE,'','',15),

(39,'1','TIME_TRIAL',TRUE,18,4,10,140,26500,48200,45,55,100,10,10,4,3,TRUE,'','',1),
(39,'2','TIME_TRIAL',TRUE,18,4,10,140,26500,48200,45,55,100,10,10,4,3,TRUE,'','',2),
(39,'3','TIME_TRIAL',TRUE,18,4,10,215,29650,52250,42,57,100,11,10,4,3,TRUE,'','',3),
(39,'4','TIME_TRIAL',TRUE,21,4,10,250,33550,60050,41,56,100,10,11,4,3,TRUE,'','',4),
(39,'5','TIME_TRIAL',TRUE,21,4,11,250,35900,63400,41,57,100,11,11,5,3,TRUE,'','',5),
(39,'6','TIME_TRIAL',TRUE,21,4,11,250,35900,63400,41,57,100,11,11,5,3,TRUE,'','',6),
(39,'7','TIME_TRIAL',TRUE,21,4,11,250,35900,63400,41,57,100,11,11,5,3,TRUE,'','',7),
(39,'8','TIME_TRIAL',TRUE,21,4,11,335,40500,70350,38,58,100,11,12,6,3,TRUE,'','',8),
(39,'9','TIME_TRIAL',TRUE,21,4,11,335,40500,70350,38,58,100,12,11,6,3,TRUE,'','',9),
(39,'10','TIME_TRIAL',TRUE,24,3,12,380,44850,79050,37,57,100,12,12,6,3,TRUE,'','',10),
(39,'11','TIME_TRIAL',TRUE,24,3,12,380,44850,79050,37,57,100,12,12,6,3,TRUE,'','',11),
(39,'12','TIME_TRIAL',TRUE,24,3,12,380,46650,80400,37,59,100,12,12,6,3,TRUE,'','',12),
(39,'13','TIME_TRIAL',TRUE,24,3,12,380,47650,82400,37,58,100,12,12,7,3,TRUE,'','',13),
(39,'14','TIME_TRIAL',TRUE,24,3,12,380,47650,82400,37,58,100,12,12,7,3,TRUE,'','',14),
(39,'15','TIME_TRIAL',TRUE,24,2,12,380,47650,82400,37,58,100,12,12,7,3,TRUE,'','',15),

(40,'1','TIME_TRIAL',TRUE,18,4,10,140,26500,48200,45,55,100,10,10,4,3,TRUE,'','',1),
(40,'2','TIME_TRIAL',TRUE,18,4,10,140,26500,48200,45,55,100,10,10,4,3,TRUE,'','',2),
(40,'3','TIME_TRIAL',TRUE,18,4,10,215,29650,52250,42,57,100,11,10,4,3,TRUE,'','',3),
(40,'4','TIME_TRIAL',TRUE,21,4,10,250,33550,60050,41,56,100,10,11,4,3,TRUE,'','',4),
(40,'5','TIME_TRIAL',TRUE,21,4,11,250,34550,62050,41,56,100,11,11,5,3,TRUE,'','',5),
(40,'6','TIME_TRIAL',TRUE,21,4,11,250,34550,62050,41,56,100,11,11,5,3,TRUE,'','',6),
(40,'7','TIME_TRIAL',TRUE,21,4,11,250,35900,63400,41,57,100,11,11,5,3,TRUE,'','',7),
(40,'8','TIME_TRIAL',TRUE,21,4,11,335,40500,70350,38,58,100,11,12,6,3,TRUE,'','',8),
(40,'9','TIME_TRIAL',TRUE,21,4,11,335,40500,70350,38,58,100,12,11,6,3,TRUE,'','',9),
(40,'10','TIME_TRIAL',TRUE,24,3,12,380,44850,79050,37,57,100,12,12,6,3,TRUE,'','',10),
(40,'11','TIME_TRIAL',TRUE,24,3,12,380,44850,79050,37,57,100,12,12,6,3,TRUE,'','',11),
(40,'12','TIME_TRIAL',TRUE,24,3,12,380,44850,79050,37,57,100,12,12,6,3,TRUE,'','',12),
(40,'13','TIME_TRIAL',TRUE,24,3,12,380,45850,81050,38,57,100,12,12,7,3,TRUE,'','',13),
(40,'14','TIME_TRIAL',TRUE,24,3,12,380,47650,82400,37,58,100,12,12,7,3,TRUE,'','',14),
(40,'15','TIME_TRIAL',TRUE,24,2,12,380,47650,82400,37,58,100,12,12,7,3,TRUE,'','',15),

(41,'1','TIME_TRIAL',TRUE,18,4,10,140,26500,48200,45,55,100,10,10,4,3,TRUE,'','',1),
(41,'2','TIME_TRIAL',TRUE,18,4,10,140,26500,48200,45,55,100,10,10,4,3,TRUE,'','',2),
(41,'3','TIME_TRIAL',TRUE,18,4,10,215,29650,52250,42,57,100,11,10,4,3,TRUE,'','',3),
(41,'4','TIME_TRIAL',TRUE,21,4,10,250,33550,60050,41,56,100,10,11,4,3,TRUE,'','',4),
(41,'5','TIME_TRIAL',TRUE,21,4,11,250,35900,63400,41,57,100,11,11,5,3,TRUE,'','',5),
(41,'6','TIME_TRIAL',TRUE,21,4,11,250,35900,63400,41,57,100,11,11,5,3,TRUE,'','',6),
(41,'7','TIME_TRIAL',TRUE,21,4,11,250,35900,63400,41,57,100,11,11,5,3,TRUE,'','',7),
(41,'8','TIME_TRIAL',TRUE,21,4,11,335,40500,70350,38,58,100,11,12,6,3,TRUE,'','',8),
(41,'9','TIME_TRIAL',TRUE,21,4,11,335,40500,70350,38,58,100,12,11,6,3,TRUE,'','',9),
(41,'10','TIME_TRIAL',TRUE,24,3,12,380,44850,79050,37,57,100,12,12,6,3,TRUE,'','',10),
(41,'11','TIME_TRIAL',TRUE,24,3,12,380,44850,79050,37,57,100,12,12,6,3,TRUE,'','',11),
(41,'12','TIME_TRIAL',TRUE,24,3,12,380,46650,80400,37,59,100,12,12,6,3,TRUE,'','',12),
(41,'13','TIME_TRIAL',TRUE,24,3,12,380,47650,82400,37,58,100,12,12,7,3,TRUE,'','',13),
(41,'14','TIME_TRIAL',TRUE,24,3,12,380,47650,82400,37,58,100,12,12,7,3,TRUE,'','',14),
(41,'15','TIME_TRIAL',TRUE,24,2,12,380,47650,82400,37,58,100,12,12,7,3,TRUE,'','',15),

(42,'1','TIME_TRIAL',TRUE,15,4,10,120,23050,41300,46,56,100,10,10,4,3,TRUE,'','',1),
(42,'2','TIME_TRIAL',TRUE,15,4,10,120,23050,41300,46,56,100,10,10,4,3,TRUE,'','',2),
(42,'3','TIME_TRIAL',TRUE,15,4,10,180,25300,44450,42,57,100,11,10,4,3,TRUE,'','',3),
(42,'4','TIME_TRIAL',TRUE,15,4,10,180,25300,44450,42,57,100,10,11,4,3,TRUE,'','',4),
(42,'5','TIME_TRIAL',TRUE,15,4,11,180,27200,47350,42,58,100,11,11,5,3,TRUE,'','',5),
(42,'6','TIME_TRIAL',TRUE,15,4,11,180,27200,47350,42,58,100,11,11,5,3,TRUE,'','',6),
(42,'7','TIME_TRIAL',TRUE,18,4,11,215,31550,55150,41,58,100,11,11,5,3,TRUE,'','',7),
(42,'8','TIME_TRIAL',TRUE,18,4,11,285,35250,61200,39,58,100,11,12,6,3,TRUE,'','',8),
(42,'9','TIME_TRIAL',TRUE,18,4,11,285,35250,61200,39,58,100,12,11,6,3,TRUE,'','',9),
(42,'10','TIME_TRIAL',TRUE,21,3,12,335,40500,70350,38,58,100,12,12,6,3,TRUE,'','',10),
(42,'11','TIME_TRIAL',TRUE,21,3,12,335,40500,70350,38,58,100,12,12,6,3,TRUE,'','',11),
(42,'12','TIME_TRIAL',TRUE,21,3,12,335,41850,71700,37,59,100,12,12,6,3,TRUE,'','',12),
(42,'13','TIME_TRIAL',TRUE,21,3,12,335,42850,73700,37,59,100,12,12,7,3,TRUE,'','',13),
(42,'14','TIME_TRIAL',TRUE,21,3,12,335,42850,73700,37,59,100,12,12,7,3,TRUE,'','',14),
(42,'15','TIME_TRIAL',TRUE,21,2,12,335,42850,73700,37,59,100,12,12,7,3,TRUE,'','',15),

(43,'1','TIME_TRIAL',TRUE,18,4,10,140,26500,48200,45,55,100,10,10,4,3,TRUE,'','',1),
(43,'2','TIME_TRIAL',TRUE,18,4,10,140,26500,48200,45,55,100,10,10,4,3,TRUE,'','',2),
(43,'3','TIME_TRIAL',TRUE,18,4,10,215,29650,52250,42,57,100,11,10,4,3,TRUE,'','',3),
(43,'4','TIME_TRIAL',TRUE,21,4,10,250,33550,60050,41,56,100,10,11,4,3,TRUE,'','',4),
(43,'5','TIME_TRIAL',TRUE,21,4,11,250,34550,62050,41,56,100,11,11,5,3,TRUE,'','',5),
(43,'6','TIME_TRIAL',TRUE,21,4,11,250,34550,62050,41,56,100,11,11,5,3,TRUE,'','',6),
(43,'7','TIME_TRIAL',TRUE,21,4,11,250,35900,63400,41,57,100,11,11,5,3,TRUE,'','',7),
(43,'8','TIME_TRIAL',TRUE,21,4,11,335,40500,70350,38,58,100,11,12,6,3,TRUE,'','',8),
(43,'9','TIME_TRIAL',TRUE,21,4,11,335,40500,70350,38,58,100,12,11,6,3,TRUE,'','',9),
(43,'10','TIME_TRIAL',TRUE,24,3,12,380,44850,79050,37,57,100,12,12,6,3,TRUE,'','',10),
(43,'11','TIME_TRIAL',TRUE,24,3,12,380,44850,79050,37,57,100,12,12,6,3,TRUE,'','',11),
(43,'12','TIME_TRIAL',TRUE,24,3,12,380,44850,79050,37,57,100,12,12,6,3,TRUE,'','',12),
(43,'13','TIME_TRIAL',TRUE,24,3,12,380,45850,81050,38,57,100,12,12,7,3,TRUE,'','',13),
(43,'14','TIME_TRIAL',TRUE,24,3,12,380,47650,82400,37,58,100,12,12,7,3,TRUE,'','',14),
(43,'15','TIME_TRIAL',TRUE,24,2,12,380,47650,82400,37,58,100,12,12,7,3,TRUE,'','',15),

(44,'1','TIME_TRIAL',TRUE,18,4,10,140,26500,48200,45,55,100,10,10,4,3,TRUE,'','',1),
(44,'2','TIME_TRIAL',TRUE,18,4,10,140,26500,48200,45,55,100,10,10,4,3,TRUE,'','',2),
(44,'3','TIME_TRIAL',TRUE,18,4,10,215,29650,52250,42,57,100,11,10,4,3,TRUE,'','',3),
(44,'4','TIME_TRIAL',TRUE,21,4,10,250,33550,60050,41,56,100,10,11,4,3,TRUE,'','',4),
(44,'5','TIME_TRIAL',TRUE,21,4,11,250,35900,63400,41,57,100,11,11,5,3,TRUE,'','',5),
(44,'6','TIME_TRIAL',TRUE,21,4,11,250,35900,63400,41,57,100,11,11,5,3,TRUE,'','',6),
(44,'7','TIME_TRIAL',TRUE,21,4,11,250,35900,63400,41,57,100,11,11,5,3,TRUE,'','',7),
(44,'8','TIME_TRIAL',TRUE,21,4,11,335,40500,70350,38,58,100,11,12,6,3,TRUE,'','',8),
(44,'9','TIME_TRIAL',TRUE,21,4,11,335,40500,70350,38,58,100,12,11,6,3,TRUE,'','',9),
(44,'10','TIME_TRIAL',TRUE,24,3,12,380,44850,79050,37,57,100,12,12,6,3,TRUE,'','',10),
(44,'11','TIME_TRIAL',TRUE,24,3,12,380,44850,79050,37,57,100,12,12,6,3,TRUE,'','',11),
(44,'12','TIME_TRIAL',TRUE,24,3,12,380,46650,80400,37,59,100,12,12,6,3,TRUE,'','',12),
(44,'13','TIME_TRIAL',TRUE,24,3,12,380,47650,82400,37,58,100,12,12,7,3,TRUE,'','',13),
(44,'14','TIME_TRIAL',TRUE,24,3,12,380,47650,82400,37,58,100,12,12,7,3,TRUE,'','',14),
(44,'15','TIME_TRIAL',TRUE,24,2,12,380,47650,82400,37,58,100,12,12,7,3,TRUE,'','',15),

(45,'1','TIME_TRIAL',TRUE,18,4,10,140,26500,48200,45,55,100,10,10,4,3,TRUE,'','',1),
(45,'2','TIME_TRIAL',TRUE,18,4,10,140,26500,48200,45,55,100,10,10,4,3,TRUE,'','',2),
(45,'3','TIME_TRIAL',TRUE,18,4,10,215,29650,52250,42,57,100,11,10,4,3,TRUE,'','',3),
(45,'4','TIME_TRIAL',TRUE,21,4,10,250,33550,60050,41,56,100,10,11,4,3,TRUE,'','',4),
(45,'5','TIME_TRIAL',TRUE,21,4,11,250,35900,63400,41,57,100,11,11,5,3,TRUE,'','',5),
(45,'6','TIME_TRIAL',TRUE,21,4,11,250,35900,63400,41,57,100,11,11,5,3,TRUE,'','',6),
(45,'7','TIME_TRIAL',TRUE,21,4,11,250,35900,63400,41,57,100,11,11,5,3,TRUE,'','',7),
(45,'8','TIME_TRIAL',TRUE,21,4,11,335,40500,70350,38,58,100,11,12,6,3,TRUE,'','',8),
(45,'9','TIME_TRIAL',TRUE,21,4,11,335,40500,70350,38,58,100,12,11,6,3,TRUE,'','',9),
(45,'10','TIME_TRIAL',TRUE,24,3,12,380,44850,79050,37,57,100,12,12,6,3,TRUE,'','',10),
(45,'11','TIME_TRIAL',TRUE,24,3,12,380,44850,79050,37,57,100,12,12,6,3,TRUE,'','',11),
(45,'12','TIME_TRIAL',TRUE,24,3,12,380,46650,80400,37,59,100,12,12,6,3,TRUE,'','',12),
(45,'13','TIME_TRIAL',TRUE,24,3,12,380,47650,82400,37,58,100,12,12,7,3,TRUE,'','',13),
(45,'14','TIME_TRIAL',TRUE,24,3,12,380,47650,82400,37,58,100,12,12,7,3,TRUE,'','',14),
(45,'15','TIME_TRIAL',TRUE,24,2,12,380,47650,82400,37,58,100,12,12,7,3,TRUE,'','',15),

(46,'1','TIME_TRIAL',TRUE,18,4,10,140,26500,48200,45,55,100,10,10,4,3,TRUE,'','',1),
(46,'2','TIME_TRIAL',TRUE,18,4,10,140,26500,48200,45,55,100,10,10,4,3,TRUE,'','',2),
(46,'3','TIME_TRIAL',TRUE,18,4,10,215,29650,52250,42,57,100,11,10,4,3,TRUE,'','',3),
(46,'4','TIME_TRIAL',TRUE,21,4,10,250,33550,60050,41,56,100,10,11,4,3,TRUE,'','',4),
(46,'5','TIME_TRIAL',TRUE,21,4,11,250,34550,62050,41,56,100,11,11,5,3,TRUE,'','',5),
(46,'6','TIME_TRIAL',TRUE,21,4,11,250,34550,62050,41,56,100,11,11,5,3,TRUE,'','',6),
(46,'7','TIME_TRIAL',TRUE,21,4,11,250,35900,63400,41,57,100,11,11,5,3,TRUE,'','',7),
(46,'8','TIME_TRIAL',TRUE,21,4,11,335,40500,70350,38,58,100,11,12,6,3,TRUE,'','',8),
(46,'9','TIME_TRIAL',TRUE,21,4,11,335,40500,70350,38,58,100,12,11,6,3,TRUE,'','',9),
(46,'10','TIME_TRIAL',TRUE,24,3,12,380,44850,79050,37,57,100,12,12,6,3,TRUE,'','',10),
(46,'11','TIME_TRIAL',TRUE,24,3,12,380,44850,79050,37,57,100,12,12,6,3,TRUE,'','',11),
(46,'12','TIME_TRIAL',TRUE,24,3,12,380,44850,79050,37,57,100,12,12,6,3,TRUE,'','',12),
(46,'13','TIME_TRIAL',TRUE,24,3,12,380,47650,82400,37,58,100,12,12,7,3,TRUE,'','',13),
(46,'14','TIME_TRIAL',TRUE,24,3,12,380,47650,82400,37,58,100,12,12,7,3,TRUE,'','',14),
(46,'15','TIME_TRIAL',TRUE,24,2,12,380,47650,82400,37,58,100,12,12,7,3,TRUE,'','',15),

(47,'1','TIME_TRIAL',TRUE,18,4,10,140,26500,48200,45,55,100,10,10,4,3,TRUE,'','',1),
(47,'2','TIME_TRIAL',TRUE,18,4,10,140,26500,48200,45,55,100,10,10,4,3,TRUE,'','',2),
(47,'3','TIME_TRIAL',TRUE,18,4,10,215,29650,52250,42,57,100,11,10,4,3,TRUE,'','',3),
(47,'4','TIME_TRIAL',TRUE,21,4,10,250,34900,61400,40,57,100,10,11,4,3,TRUE,'','',4),
(47,'5','TIME_TRIAL',TRUE,21,4,11,250,35900,63400,41,57,100,11,11,5,3,TRUE,'','',5),
(47,'6','TIME_TRIAL',TRUE,21,4,11,250,35900,63400,41,57,100,11,11,5,3,TRUE,'','',6),
(47,'7','TIME_TRIAL',TRUE,21,4,11,250,35900,63400,41,57,100,11,11,5,3,TRUE,'','',7),
(47,'8','TIME_TRIAL',TRUE,21,4,11,335,40500,70350,38,58,100,11,12,6,3,TRUE,'','',8),
(47,'9','TIME_TRIAL',TRUE,21,4,11,335,40500,70350,38,58,100,12,11,6,3,TRUE,'','',9),
(47,'10','TIME_TRIAL',TRUE,24,3,12,380,46650,80400,37,59,100,12,12,6,3,TRUE,'','',10),
(47,'11','TIME_TRIAL',TRUE,24,3,12,380,46650,80400,37,59,100,12,12,6,3,TRUE,'','',11),
(47,'12','TIME_TRIAL',TRUE,24,3,12,380,46650,80400,37,59,100,12,12,6,3,TRUE,'','',12),
(47,'13','TIME_TRIAL',TRUE,24,3,12,380,47650,82400,37,58,100,12,12,7,3,TRUE,'','',13),
(47,'14','TIME_TRIAL',TRUE,24,3,12,380,47650,82400,37,58,100,12,12,7,3,TRUE,'','',14),
(47,'15','TIME_TRIAL',TRUE,24,2,12,380,47650,82400,37,58,100,12,12,7,3,TRUE,'','',15),

(48,'1','TIME_TRIAL',TRUE,18,4,10,140,26500,48200,45,55,100,10,10,4,3,TRUE,'','',1),
(48,'2','TIME_TRIAL',TRUE,18,4,10,140,26500,48200,45,55,100,10,10,4,3,TRUE,'','',2),
(48,'3','TIME_TRIAL',TRUE,18,4,10,180,29200,51350,42,57,100,11,10,4,3,TRUE,'','',3),
(48,'4','TIME_TRIAL',TRUE,21,4,10,210,33100,59150,42,56,100,10,11,4,3,TRUE,'','',4),
(48,'5','TIME_TRIAL',TRUE,21,4,11,210,34100,61150,42,56,100,11,11,5,3,TRUE,'','',5),
(48,'6','TIME_TRIAL',TRUE,21,4,11,210,34100,61150,42,56,100,11,11,5,3,TRUE,'','',6),
(48,'7','TIME_TRIAL',TRUE,21,4,11,210,34100,61150,42,56,100,11,11,5,3,TRUE,'','',7),
(48,'8','TIME_TRIAL',TRUE,21,4,11,250,36900,65400,41,57,100,11,12,6,3,TRUE,'','',8),
(48,'9','TIME_TRIAL',TRUE,21,4,11,250,37800,66300,40,58,100,12,11,6,3,TRUE,'','',9),
(48,'10','TIME_TRIAL',TRUE,24,3,12,285,42600,74550,40,58,100,12,12,6,3,TRUE,'','',10),
(48,'11','TIME_TRIAL',TRUE,24,3,12,285,42600,74550,40,58,100,12,12,6,3,TRUE,'','',11),
(48,'12','TIME_TRIAL',TRUE,24,3,12,285,42600,74550,40,58,100,12,12,6,3,TRUE,'','',12),
(48,'13','TIME_TRIAL',TRUE,24,3,12,285,43600,76550,40,57,100,12,12,7,3,TRUE,'','',13),
(48,'14','TIME_TRIAL',TRUE,24,3,12,285,43600,76550,40,57,100,12,12,7,3,TRUE,'','',14),
(48,'15','TIME_TRIAL',TRUE,24,2,12,285,43600,76550,40,57,100,12,12,7,3,TRUE,'','',15),

(49,'1','TIME_TRIAL',TRUE,18,4,10,140,26500,48200,45,55,100,10,10,4,3,TRUE,'','',1),
(49,'2','TIME_TRIAL',TRUE,18,4,10,140,27400,48650,45,57,100,10,10,4,3,TRUE,'','',2),
(49,'3','TIME_TRIAL',TRUE,18,4,10,215,30550,53150,41,58,100,11,10,4,3,TRUE,'','',3),
(49,'4','TIME_TRIAL',TRUE,21,4,10,250,34900,61400,40,57,100,10,11,4,3,TRUE,'','',4),
(49,'5','TIME_TRIAL',TRUE,21,4,11,250,35900,63400,41,57,100,11,11,5,3,TRUE,'','',5),
(49,'6','TIME_TRIAL',TRUE,21,4,11,250,35900,63400,41,57,100,11,11,5,3,TRUE,'','',6),
(49,'7','TIME_TRIAL',TRUE,21,4,11,250,35900,63400,41,57,100,11,11,5,3,TRUE,'','',7),
(49,'8','TIME_TRIAL',TRUE,21,4,11,335,40500,70350,38,58,100,11,12,6,3,TRUE,'','',8),
(49,'9','TIME_TRIAL',TRUE,21,4,11,335,40500,70350,38,58,100,12,11,6,3,TRUE,'','',9),
(49,'10','TIME_TRIAL',TRUE,24,3,12,380,46650,80400,37,59,100,12,12,6,3,TRUE,'','',10),
(49,'11','TIME_TRIAL',TRUE,24,3,12,380,46650,80400,37,59,100,12,12,6,3,TRUE,'','',11),
(49,'12','TIME_TRIAL',TRUE,24,3,12,380,46650,80400,37,59,100,12,12,6,3,TRUE,'','',12),
(49,'13','TIME_TRIAL',TRUE,24,3,12,380,47650,82400,37,58,100,12,12,7,3,TRUE,'','',13),
(49,'14','TIME_TRIAL',TRUE,24,3,12,380,47650,82400,37,58,100,12,12,7,3,TRUE,'','',14),
(49,'15','TIME_TRIAL',TRUE,24,2,12,380,47650,82400,37,58,100,12,12,7,3,TRUE,'','',15),

(50,'1','TIME_TRIAL',TRUE,18,4,10,140,26500,48200,45,55,100,10,10,4,3,TRUE,'','',1),
(50,'2','TIME_TRIAL',TRUE,18,4,10,140,26500,48200,45,55,100,10,10,4,3,TRUE,'','',2),
(50,'3','TIME_TRIAL',TRUE,18,4,10,180,28300,50450,43,57,100,11,10,4,3,TRUE,'','',3),
(50,'4','TIME_TRIAL',TRUE,21,4,10,210,33100,59150,42,56,100,10,11,4,3,TRUE,'','',4),
(50,'5','TIME_TRIAL',TRUE,21,4,11,210,34100,61150,42,56,100,11,11,5,3,TRUE,'','',5),
(50,'6','TIME_TRIAL',TRUE,21,4,11,210,34100,61150,42,56,100,11,11,5,3,TRUE,'','',6),
(50,'7','TIME_TRIAL',TRUE,21,4,11,210,34100,61150,42,56,100,11,11,5,3,TRUE,'','',7),
(50,'8','TIME_TRIAL',TRUE,21,4,11,250,36900,65400,41,57,100,11,12,6,3,TRUE,'','',8),
(50,'9','TIME_TRIAL',TRUE,21,4,11,250,36900,65400,41,57,100,12,11,6,3,TRUE,'','',9),
(50,'10','TIME_TRIAL',TRUE,24,3,12,285,41250,73200,40,57,100,12,12,6,3,TRUE,'','',10),
(50,'11','TIME_TRIAL',TRUE,24,3,12,285,41250,73200,40,57,100,12,12,6,3,TRUE,'','',11),
(50,'12','TIME_TRIAL',TRUE,24,3,12,285,42600,74550,40,58,100,12,12,6,3,TRUE,'','',12),
(50,'13','TIME_TRIAL',TRUE,24,3,12,285,43600,76550,40,57,100,12,12,7,3,TRUE,'','',13),
(50,'14','TIME_TRIAL',TRUE,24,3,12,285,43600,76550,40,57,100,12,12,7,3,TRUE,'','',14),
(50,'15','TIME_TRIAL',TRUE,24,2,12,285,43600,76550,40,57,100,12,12,7,3,TRUE,'','',15);

INSERT INTO campaign_level (campaign_id, level_number, level_type, highlight_allowed, max_words, word_min_length, word_max_length, time_target, avg_score, max_score, star1, star2, star3, rows, columns,hot_words,max_words_per_page,frenzy_allowed,message,message_img, order_index) VALUES
(30001,'1','SCORE_TRIAL',TRUE,6,3,5,0,6000,6000,100,100,100,6,6,0,6,FALSE,'Swipe over the board to mark words. Find all words!','help1',1),
(30001,'2','SCORE_TRIAL',TRUE,6,3,5,0,6000,6000,100,100,100,6,6,0,6,FALSE,'','',2),
(30001,'3','SCORE_TRIAL',TRUE,6,3,5,0,6000,6000,100,100,100,6,6,0,3,FALSE,'Not all words are visible all the time. Watch out for hidden pages','help4',3),
(30001,'4','TIME_TRIAL',TRUE,6,3,5,40,6900,7800,76.92,88.46,100,7,6,0,3,FALSE,'Keep an eye on the timer at the top. You do not wanna be too slow!','help3',4),
(30001,'5','TIME_TRIAL',TRUE,6,3,5,40,6900,7800,76.92,88.46,100,7,7,0,3,FALSE,'','',5),
(30001,'6','TIME_TRIAL',TRUE,9,3,5,70,11250,12600,71.43,89.29,100,7,8,0,3,FALSE,'','',6),
(30001,'7','TIME_TRIAL',TRUE,9,3,6,70,11700,12600,71.43,92.86,100,8,8,0,3,FALSE,'','',7),
(30001,'8','TIME_TRIAL',TRUE,9,3,6,70,11700,12600,71.43,92.86,100,8,8,0,3,FALSE,'','',8),
(30001,'9','TIME_TRIAL',TRUE,9,3,6,70,11700,12600,71.43,92.86,100,8,8,0,3,FALSE,'','',9),
(30001,'10','TIME_TRIAL',TRUE,9,3,7,70,11700,12600,71.43,92.86,100,8,8,0,3,FALSE,'','',10),
(30001,'11','TIME_TRIAL',TRUE,9,3,7,70,11700,12600,71.43,92.86,100,8,8,0,3,FALSE,'','',11),
(30001,'12','TIME_TRIAL',TRUE,9,3,8,70,11700,12600,71.43,92.86,100,8,8,0,3,FALSE,'','',12),
(30001,'13','TIME_TRIAL',TRUE,12,3,8,95,16050,17850,67.23,89.92,100,8,8,0,3,FALSE,'','',13),
(30001,'14','TIME_TRIAL',TRUE,12,3,8,95,16050,17850,67.23,89.92,100,8,8,0,3,FALSE,'','',14),
(30001,'15','TIME_TRIAL',TRUE,12,3,8,95,16050,17850,67.23,89.92,100,8,8,0,3,FALSE,'','',15),

(30002,'1','TIME_TRIAL',TRUE,9,4,6,50,10350,11250,80,92,100,7,7,0,3,FALSE,'','',1),
(30002,'2','TIME_TRIAL',TRUE,9,4,6,50,10350,11250,80,92,100,7,7,0,3,FALSE,'','',2),
(30002,'3','TIME_TRIAL',TRUE,9,4,6,60,11800,13150,76.05,89.73,100,7,8,1,3,FALSE,'Words highlited in red have double score','help2',3),
(30002,'4','TIME_TRIAL',TRUE,9,4,6,60,12250,13150,76.05,93.16,100,8,8,1,3,FALSE,'','',4),
(30002,'5','TIME_TRIAL',TRUE,12,4,6,80,17150,18500,75.68,92.7,100,8,8,2,3,FALSE,'','',5),
(30002,'6','TIME_TRIAL',TRUE,12,4,7,80,17150,18500,75.68,92.7,100,8,8,2,3,FALSE,'','',6),
(30002,'7','TIME_TRIAL',TRUE,12,4,7,80,17700,19050,78.74,92.91,100,8,9,3,3,FALSE,'','',7),
(30002,'8','TIME_TRIAL',TRUE,12,4,7,80,17700,19050,78.74,92.91,100,9,9,3,3,FALSE,'','',8),
(30002,'9','TIME_TRIAL',TRUE,15,4,7,120,22500,24750,72.73,90.91,100,10,9,3,3,FALSE,'','',9),
(30002,'10','TIME_TRIAL',TRUE,15,3,8,120,23400,25200,71.43,92.86,100,10,10,3,3,FALSE,'','',10),
(30002,'11','TIME_TRIAL',TRUE,15,3,8,120,24400,26200,72.52,93.13,100,10,10,4,3,FALSE,'','',11),
(30002,'12','TIME_TRIAL',TRUE,15,3,8,120,24400,26200,72.52,93.13,100,10,10,4,3,FALSE,'','',12),
(30002,'13','TIME_TRIAL',TRUE,15,3,8,120,25400,27200,73.53,93.38,100,10,10,5,3,FALSE,'','',13),
(30002,'14','TIME_TRIAL',TRUE,15,3,9,120,25400,27200,73.53,93.38,100,10,10,5,3,FALSE,'','',14),
(30002,'15','TIME_TRIAL',TRUE,15,2,10,120,25400,27200,73.53,93.38,100,10,10,5,3,FALSE,'','',15),

(30003,'1','TIME_TRIAL',TRUE,12,4,6,70,17250,18600,80.65,92.74,100,8,8,3,3,FALSE,'','',1),
(30003,'2','TIME_TRIAL',TRUE,12,4,6,70,17250,18600,80.65,92.74,100,8,8,3,3,FALSE,'','',2),
(30003,'3','TIME_TRIAL',TRUE,12,4,6,95,15600,26400,45.45,59.09,100,9,8,0,3,TRUE,'Notice the Frenzy Bar! Find three words in quick successions and then score huge bonuses','help5',3),
(30003,'4','TIME_TRIAL',TRUE,12,4,7,95,15600,26400,45.45,59.09,100,8,9,0,3,TRUE,'','',4),
(30003,'5','TIME_TRIAL',TRUE,15,4,7,120,19500,33750,44.44,57.78,100,9,9,0,3,TRUE,'','',5),
(30003,'6','TIME_TRIAL',TRUE,15,4,7,120,19500,33750,44.44,57.78,100,9,9,0,3,TRUE,'','',6),
(30003,'7','TIME_TRIAL',TRUE,15,4,8,120,19500,33750,44.44,57.78,100,9,9,0,3,TRUE,'','',7),
(30003,'8','TIME_TRIAL',TRUE,15,4,8,150,20850,35550,42.19,58.65,100,9,10,0,3,TRUE,'','',8),
(30003,'9','TIME_TRIAL',TRUE,15,4,8,150,21750,36450,41.15,59.67,100,10,9,0,3,TRUE,'','',9),
(30003,'10','TIME_TRIAL',TRUE,15,3,8,150,21750,36450,41.15,59.67,100,10,10,0,3,TRUE,'','',10),
(30003,'11','TIME_TRIAL',TRUE,15,3,8,150,21750,36450,41.15,59.67,100,10,10,0,3,TRUE,'','',11),
(30003,'12','TIME_TRIAL',TRUE,15,3,8,150,21750,36450,41.15,59.67,100,10,10,0,3,TRUE,'','',12),
(30003,'13','TIME_TRIAL',TRUE,18,3,9,180,26100,44250,40.68,58.98,100,10,10,0,3,TRUE,'','',13),
(30003,'14','TIME_TRIAL',TRUE,18,3,9,180,26100,44250,40.68,58.98,100,10,10,0,3,TRUE,'','',14),
(30003,'15','TIME_TRIAL',TRUE,18,2,10,180,26100,44250,40.68,58.98,100,10,10,0,3,TRUE,'','',15),

(30004,'1','TIME_TRIAL',TRUE,15,4,6,120,19050,33300,45.05,57.21,100,9,9,0,3,TRUE,'','',1),
(30004,'2','TIME_TRIAL',TRUE,15,4,6,120,20500,35750,44.76,57.34,100,9,9,1,3,TRUE,'Find hot words in frenzy mode and get Double the Score','help6',2),
(30004,'3','TIME_TRIAL',TRUE,15,4,6,150,21850,37550,42.61,58.19,100,9,10,1,3,TRUE,'','',3),
(30004,'4','TIME_TRIAL',TRUE,15,4,7,150,21850,37550,42.61,58.19,100,9,10,1,3,TRUE,'','',4),
(30004,'5','TIME_TRIAL',TRUE,15,4,7,150,22850,39550,42.98,57.77,100,10,9,2,3,TRUE,'','',5),
(30004,'6','TIME_TRIAL',TRUE,15,4,7,150,22850,39550,42.98,57.77,100,10,9,2,3,TRUE,'','',6),
(30004,'7','TIME_TRIAL',TRUE,15,4,8,150,23850,41550,43.32,57.4,100,10,10,3,3,TRUE,'','',7),
(30004,'8','TIME_TRIAL',TRUE,15,4,8,150,23850,41550,43.32,57.4,100,10,10,3,3,TRUE,'','',8),
(30004,'9','TIME_TRIAL',TRUE,18,4,8,180,28200,49350,42.55,57.14,100,10,10,3,3,TRUE,'','',9),
(30004,'10','TIME_TRIAL',TRUE,18,3,8,180,29100,50250,41.79,57.91,100,10,10,3,3,TRUE,'','',10),
(30004,'11','TIME_TRIAL',TRUE,18,3,8,180,30100,52250,42.11,57.61,100,10,10,4,3,TRUE,'','',11),
(30004,'12','TIME_TRIAL',TRUE,18,3,8,180,30100,52250,42.11,57.61,100,10,10,4,3,TRUE,'','',12),
(30004,'13','TIME_TRIAL',TRUE,21,3,9,210,35450,62050,41.9,57.13,100,10,10,5,3,TRUE,'','',13),
(30004,'14','TIME_TRIAL',TRUE,21,3,9,210,35450,62050,41.9,57.13,100,10,10,5,3,TRUE,'','',14),
(30004,'15','TIME_TRIAL',TRUE,21,2,10,210,35450,62050,41.9,57.13,100,10,10,5,3,TRUE,'','',15),

(30005,'1','TIME_TRIAL',TRUE,18,4,6,140,25500,46200,45.45,55.19,100,9,9,3,3,TRUE,'','',1),
(30005,'2','TIME_TRIAL',FALSE,18,4,6,180,27300,48450,43.34,56.35,100,10,10,3,3,TRUE,'See how well you do with the fog of war!','help7',2),
(30005,'3','TIME_TRIAL',FALSE,18,4,6,180,28300,50450,43.61,56.1,100,10,10,4,3,TRUE,'','',3),
(30005,'4','TIME_TRIAL',FALSE,18,4,7,180,30100,52250,42.11,57.61,100,10,10,4,3,TRUE,'','',4),
(30005,'5','TIME_TRIAL',FALSE,21,4,7,210,35450,62050,41.9,57.13,100,10,10,5,3,TRUE,'','',5),
(30005,'6','TIME_TRIAL',FALSE,21,4,7,210,35450,62050,41.9,57.13,100,10,10,5,3,TRUE,'','',6),
(30005,'7','TIME_TRIAL',FALSE,21,4,8,210,35450,62050,41.9,57.13,100,10,10,5,3,TRUE,'','',7),
(30005,'8','TIME_TRIAL',FALSE,21,4,8,210,35450,62050,41.9,57.13,100,10,10,5,3,TRUE,'','',8),
(30005,'9','TIME_TRIAL',FALSE,21,4,8,210,36450,64050,42.15,56.91,100,10,10,6,3,TRUE,'','',9),
(30005,'10','TIME_TRIAL',FALSE,21,3,8,210,36450,64050,42.15,56.91,100,10,10,6,3,TRUE,'','',10),
(30005,'11','TIME_TRIAL',FALSE,21,3,8,210,37450,66050,42.39,56.7,100,10,10,7,3,TRUE,'','',11),
(30005,'12','TIME_TRIAL',FALSE,21,3,8,210,39250,67850,41.27,57.85,100,10,10,7,3,TRUE,'','',12),
(30005,'13','TIME_TRIAL',FALSE,24,3,9,240,43600,76100,40.74,57.29,100,10,10,7,3,TRUE,'','',13),
(30005,'14','TIME_TRIAL',FALSE,24,3,9,240,43600,76100,40.74,57.29,100,10,10,7,3,TRUE,'','',14),
(30005,'15','TIME_TRIAL',FALSE,24,2,10,240,44600,78100,40.97,57.11,100,10,10,8,3,TRUE,'','',15),

(30006,'1','SCORE_TRIAL',TRUE,6,3,5,0,6000,6000,100,100,100,6,6,0,6,FALSE,'Swipe over the board to mark words. Find all words!','help1',1),
(30006,'2','SCORE_TRIAL',TRUE,6,3,5,0,6000,6000,100,100,100,6,6,0,6,FALSE,'','',2),
(30006,'3','SCORE_TRIAL',TRUE,6,3,5,0,6000,6000,100,100,100,6,6,0,3,FALSE,'Not all words are visible all the time. Watch out for hidden pages','help4',3),
(30006,'4','TIME_TRIAL',TRUE,6,3,5,40,6900,7800,76.92,88.46,100,7,6,0,3,FALSE,'Keep an eye on the timer at the top. You do not wanna be too slow!','help3',4),
(30006,'5','TIME_TRIAL',TRUE,6,3,5,40,6900,7800,76.92,88.46,100,7,7,0,3,FALSE,'','',5),
(30006,'6','TIME_TRIAL',TRUE,9,3,5,70,11250,12600,71.43,89.29,100,7,8,0,3,FALSE,'','',6),
(30006,'7','TIME_TRIAL',TRUE,9,3,6,70,11700,12600,71.43,92.86,100,8,8,0,3,FALSE,'','',7),
(30006,'8','TIME_TRIAL',TRUE,9,3,6,70,11700,12600,71.43,92.86,100,8,8,0,3,FALSE,'','',8),
(30006,'9','TIME_TRIAL',TRUE,9,3,6,70,11700,12600,71.43,92.86,100,8,8,0,3,FALSE,'','',9),
(30006,'10','TIME_TRIAL',TRUE,9,3,7,70,11700,12600,71.43,92.86,100,8,8,0,3,FALSE,'','',10),
(30006,'11','TIME_TRIAL',TRUE,9,3,7,70,11700,12600,71.43,92.86,100,8,8,0,3,FALSE,'','',11),
(30006,'12','TIME_TRIAL',TRUE,9,3,8,70,11700,12600,71.43,92.86,100,8,8,0,3,FALSE,'','',12),
(30006,'13','TIME_TRIAL',TRUE,12,3,8,95,16050,17850,67.23,89.92,100,8,8,0,3,FALSE,'','',13),
(30006,'14','TIME_TRIAL',TRUE,12,3,8,95,16050,17850,67.23,89.92,100,8,8,0,3,FALSE,'','',14),
(30006,'15','TIME_TRIAL',TRUE,12,3,8,95,16050,17850,67.23,89.92,100,8,8,0,3,FALSE,'','',15),

(30007,'1','TIME_TRIAL',TRUE,9,4,6,50,10350,11250,80,92,100,7,7,0,3,FALSE,'','',1),
(30007,'2','TIME_TRIAL',TRUE,9,4,6,50,10350,11250,80,92,100,7,7,0,3,FALSE,'','',2),
(30007,'3','TIME_TRIAL',TRUE,9,4,6,60,11800,13150,76.05,89.73,100,7,8,1,3,FALSE,'Words highlited in red have double score','help2',3),
(30007,'4','TIME_TRIAL',TRUE,9,4,6,60,12250,13150,76.05,93.16,100,8,8,1,3,FALSE,'','',4),
(30007,'5','TIME_TRIAL',TRUE,12,4,6,80,17150,18500,75.68,92.7,100,8,8,2,3,FALSE,'','',5),
(30007,'6','TIME_TRIAL',TRUE,12,4,7,80,17150,18500,75.68,92.7,100,8,8,2,3,FALSE,'','',6),
(30007,'7','TIME_TRIAL',TRUE,12,4,7,80,17700,19050,78.74,92.91,100,8,9,3,3,FALSE,'','',7),
(30007,'8','TIME_TRIAL',TRUE,12,4,7,80,17700,19050,78.74,92.91,100,9,9,3,3,FALSE,'','',8),
(30007,'9','TIME_TRIAL',TRUE,15,4,7,120,22500,24750,72.73,90.91,100,10,9,3,3,FALSE,'','',9),
(30007,'10','TIME_TRIAL',TRUE,15,3,8,120,23400,25200,71.43,92.86,100,10,10,3,3,FALSE,'','',10),
(30007,'11','TIME_TRIAL',TRUE,15,3,8,120,24400,26200,72.52,93.13,100,10,10,4,3,FALSE,'','',11),
(30007,'12','TIME_TRIAL',TRUE,15,3,8,120,24400,26200,72.52,93.13,100,10,10,4,3,FALSE,'','',12),
(30007,'13','TIME_TRIAL',TRUE,15,3,8,120,25400,27200,73.53,93.38,100,10,10,5,3,FALSE,'','',13),
(30007,'14','TIME_TRIAL',TRUE,15,3,9,120,25400,27200,73.53,93.38,100,10,10,5,3,FALSE,'','',14),
(30007,'15','TIME_TRIAL',TRUE,15,2,10,120,25400,27200,73.53,93.38,100,10,10,5,3,FALSE,'','',15),

(30008,'1','TIME_TRIAL',TRUE,12,4,6,70,17250,18600,80.65,92.74,100,8,8,3,3,FALSE,'','',1),
(30008,'2','TIME_TRIAL',TRUE,12,4,6,70,17250,18600,80.65,92.74,100,8,8,3,3,FALSE,'','',2),
(30008,'3','TIME_TRIAL',TRUE,12,4,6,95,15600,26400,45.45,59.09,100,9,8,0,3,TRUE,'Notice the Frenzy Bar! Find three words in quick successions and then score huge bonuses','help5',3),
(30008,'4','TIME_TRIAL',TRUE,12,4,7,95,15600,26400,45.45,59.09,100,8,9,0,3,TRUE,'','',4),
(30008,'5','TIME_TRIAL',TRUE,15,4,7,120,19500,33750,44.44,57.78,100,9,9,0,3,TRUE,'','',5),
(30008,'6','TIME_TRIAL',TRUE,15,4,7,120,19500,33750,44.44,57.78,100,9,9,0,3,TRUE,'','',6),
(30008,'7','TIME_TRIAL',TRUE,15,4,8,120,19500,33750,44.44,57.78,100,9,9,0,3,TRUE,'','',7),
(30008,'8','TIME_TRIAL',TRUE,15,4,8,150,20850,35550,42.19,58.65,100,9,10,0,3,TRUE,'','',8),
(30008,'9','TIME_TRIAL',TRUE,15,4,8,150,21750,36450,41.15,59.67,100,10,9,0,3,TRUE,'','',9),
(30008,'10','TIME_TRIAL',TRUE,15,3,8,150,21750,36450,41.15,59.67,100,10,10,0,3,TRUE,'','',10),
(30008,'11','TIME_TRIAL',TRUE,15,3,8,150,21750,36450,41.15,59.67,100,10,10,0,3,TRUE,'','',11),
(30008,'12','TIME_TRIAL',TRUE,15,3,8,150,21750,36450,41.15,59.67,100,10,10,0,3,TRUE,'','',12),
(30008,'13','TIME_TRIAL',TRUE,18,3,9,180,26100,44250,40.68,58.98,100,10,10,0,3,TRUE,'','',13),
(30008,'14','TIME_TRIAL',TRUE,18,3,9,180,26100,44250,40.68,58.98,100,10,10,0,3,TRUE,'','',14),
(30008,'15','TIME_TRIAL',TRUE,18,2,10,180,26100,44250,40.68,58.98,100,10,10,0,3,TRUE,'','',15),

(30009,'1','TIME_TRIAL',TRUE,15,4,6,120,19050,33300,45.05,57.21,100,9,9,0,3,TRUE,'','',1),
(30009,'2','TIME_TRIAL',TRUE,15,4,6,120,20500,35750,44.76,57.34,100,9,9,1,3,TRUE,'Find hot words in frenzy mode and get Double the Score','help6',2),
(30009,'3','TIME_TRIAL',TRUE,15,4,6,150,21850,37550,42.61,58.19,100,9,10,1,3,TRUE,'','',3),
(30009,'4','TIME_TRIAL',TRUE,15,4,7,150,21850,37550,42.61,58.19,100,9,10,1,3,TRUE,'','',4),
(30009,'5','TIME_TRIAL',TRUE,15,4,7,150,22850,39550,42.98,57.77,100,10,9,2,3,TRUE,'','',5),
(30009,'6','TIME_TRIAL',TRUE,15,4,7,150,22850,39550,42.98,57.77,100,10,9,2,3,TRUE,'','',6),
(30009,'7','TIME_TRIAL',TRUE,15,4,8,150,23850,41550,43.32,57.4,100,10,10,3,3,TRUE,'','',7),
(30009,'8','TIME_TRIAL',TRUE,15,4,8,150,23850,41550,43.32,57.4,100,10,10,3,3,TRUE,'','',8),
(30009,'9','TIME_TRIAL',TRUE,18,4,8,180,28200,49350,42.55,57.14,100,10,10,3,3,TRUE,'','',9),
(30009,'10','TIME_TRIAL',TRUE,18,3,8,180,29100,50250,41.79,57.91,100,10,10,3,3,TRUE,'','',10),
(30009,'11','TIME_TRIAL',TRUE,18,3,8,180,30100,52250,42.11,57.61,100,10,10,4,3,TRUE,'','',11),
(30009,'12','TIME_TRIAL',TRUE,18,3,8,180,30100,52250,42.11,57.61,100,10,10,4,3,TRUE,'','',12),
(30009,'13','TIME_TRIAL',TRUE,21,3,9,210,35450,62050,41.9,57.13,100,10,10,5,3,TRUE,'','',13),
(30009,'14','TIME_TRIAL',TRUE,21,3,9,210,35450,62050,41.9,57.13,100,10,10,5,3,TRUE,'','',14),
(30009,'15','TIME_TRIAL',TRUE,21,2,10,210,35450,62050,41.9,57.13,100,10,10,5,3,TRUE,'','',15),

(30010,'1','TIME_TRIAL',TRUE,18,4,6,180,27300,48450,43.34,56.35,100,10,10,3,3,TRUE,'','',1),
(30010,'2','TIME_TRIAL',TRUE,18,4,6,180,27300,48450,43.34,56.35,100,10,10,3,3,TRUE,'','',2),
(30010,'3','TIME_TRIAL',TRUE,18,4,6,180,28300,50450,43.61,56.1,100,10,10,4,3,TRUE,'','',3),
(30010,'4','TIME_TRIAL',TRUE,18,4,7,180,30100,52250,42.11,57.61,100,10,10,4,3,TRUE,'','',4),
(30010,'5','TIME_TRIAL',TRUE,21,4,7,210,35450,62050,41.9,57.13,100,10,10,5,3,TRUE,'','',5),
(30010,'6','TIME_TRIAL',TRUE,21,4,7,210,35450,62050,41.9,57.13,100,10,10,5,3,TRUE,'','',6),
(30010,'7','TIME_TRIAL',TRUE,21,4,8,210,35450,62050,41.9,57.13,100,10,10,5,3,TRUE,'','',7),
(30010,'8','TIME_TRIAL',TRUE,21,4,8,210,35450,62050,41.9,57.13,100,10,10,5,3,TRUE,'','',8),
(30010,'9','TIME_TRIAL',TRUE,21,4,8,210,36450,64050,42.15,56.91,100,10,10,6,3,TRUE,'','',9),
(30010,'10','TIME_TRIAL',TRUE,21,3,8,210,36450,64050,42.15,56.91,100,10,10,6,3,TRUE,'','',10),
(30010,'11','TIME_TRIAL',TRUE,21,3,8,210,39250,67850,41.27,57.85,100,10,10,7,3,TRUE,'','',11),
(30010,'12','TIME_TRIAL',TRUE,21,3,8,210,39250,67850,41.27,57.85,100,10,10,7,3,TRUE,'','',12),
(30010,'13','TIME_TRIAL',TRUE,24,3,9,240,43600,76100,40.74,57.29,100,10,10,7,3,TRUE,'','',13),
(30010,'14','TIME_TRIAL',TRUE,24,3,9,240,43600,76100,40.74,57.29,100,10,10,7,3,TRUE,'','',14),
(30010,'15','TIME_TRIAL',TRUE,24,2,10,240,44600,78100,40.97,57.11,100,10,10,8,3,TRUE,'','',15),

(30011,'1','SCORE_TRIAL',TRUE,6,3,5,0,6000,6000,100,100,100,6,6,0,6,FALSE,'Swipe over the board to mark words. Find all words!','help1',1),
(30011,'2','SCORE_TRIAL',TRUE,6,3,5,0,6000,6000,100,100,100,6,6,0,6,FALSE,'','',2),
(30011,'3','SCORE_TRIAL',TRUE,6,3,5,0,6000,6000,100,100,100,6,6,0,3,FALSE,'Not all words are visible all the time. Watch out for hidden pages','help4',3),
(30011,'4','TIME_TRIAL',TRUE,6,3,5,40,6900,7800,76.92,88.46,100,7,6,0,3,FALSE,'Keep an eye on the timer at the top. You do not wanna be too slow!','help3',4),
(30011,'5','TIME_TRIAL',TRUE,6,3,5,40,6900,7800,76.92,88.46,100,7,7,0,3,FALSE,'','',5),
(30011,'6','TIME_TRIAL',TRUE,9,3,5,70,11250,12600,71.43,89.29,100,7,8,0,3,FALSE,'','',6),
(30011,'7','TIME_TRIAL',TRUE,9,3,6,70,11700,12600,71.43,92.86,100,8,8,0,3,FALSE,'','',7),
(30011,'8','TIME_TRIAL',TRUE,9,3,6,70,11700,12600,71.43,92.86,100,8,8,0,3,FALSE,'','',8),
(30011,'9','TIME_TRIAL',TRUE,9,3,6,70,11700,12600,71.43,92.86,100,8,8,0,3,FALSE,'','',9),
(30011,'10','TIME_TRIAL',TRUE,9,3,7,70,11700,12600,71.43,92.86,100,8,8,0,3,FALSE,'','',10),
(30011,'11','TIME_TRIAL',TRUE,9,3,7,70,11700,12600,71.43,92.86,100,8,8,0,3,FALSE,'','',11),
(30011,'12','TIME_TRIAL',TRUE,9,3,8,70,11700,12600,71.43,92.86,100,8,8,0,3,FALSE,'','',12),
(30011,'13','TIME_TRIAL',TRUE,12,3,8,95,16050,17850,67.23,89.92,100,8,8,0,3,FALSE,'','',13),
(30011,'14','TIME_TRIAL',TRUE,12,3,8,95,16050,17850,67.23,89.92,100,8,8,0,3,FALSE,'','',14),
(30011,'15','TIME_TRIAL',TRUE,12,3,8,95,16050,17850,67.23,89.92,100,8,8,0,3,FALSE,'','',15),

(30012,'1','TIME_TRIAL',TRUE,9,4,6,50,10350,11250,80,92,100,7,7,0,3,FALSE,'','',1),
(30012,'2','TIME_TRIAL',TRUE,9,4,6,50,10350,11250,80,92,100,7,7,0,3,FALSE,'','',2),
(30012,'3','TIME_TRIAL',TRUE,9,4,6,60,11800,13150,76.05,89.73,100,7,8,1,3,FALSE,'Words highlited in red have double score','help2',3),
(30012,'4','TIME_TRIAL',TRUE,9,4,6,60,12250,13150,76.05,93.16,100,8,8,1,3,FALSE,'','',4),
(30012,'5','TIME_TRIAL',TRUE,12,4,6,80,17150,18500,75.68,92.7,100,8,8,2,3,FALSE,'','',5),
(30012,'6','TIME_TRIAL',TRUE,12,4,7,80,17150,18500,75.68,92.7,100,8,8,2,3,FALSE,'','',6),
(30012,'7','TIME_TRIAL',TRUE,12,4,7,80,17700,19050,78.74,92.91,100,8,9,3,3,FALSE,'','',7),
(30012,'8','TIME_TRIAL',TRUE,12,4,7,80,17700,19050,78.74,92.91,100,9,9,3,3,FALSE,'','',8),
(30012,'9','TIME_TRIAL',TRUE,15,4,7,120,22500,24750,72.73,90.91,100,10,9,3,3,FALSE,'','',9),
(30012,'10','TIME_TRIAL',TRUE,15,3,8,120,23400,25200,71.43,92.86,100,10,10,3,3,FALSE,'','',10),
(30012,'11','TIME_TRIAL',TRUE,15,3,8,120,24400,26200,72.52,93.13,100,10,10,4,3,FALSE,'','',11),
(30012,'12','TIME_TRIAL',TRUE,15,3,8,120,24400,26200,72.52,93.13,100,10,10,4,3,FALSE,'','',12),
(30012,'13','TIME_TRIAL',TRUE,15,3,8,120,25400,27200,73.53,93.38,100,10,10,5,3,FALSE,'','',13),
(30012,'14','TIME_TRIAL',TRUE,15,3,9,120,25400,27200,73.53,93.38,100,10,10,5,3,FALSE,'','',14),
(30012,'15','TIME_TRIAL',TRUE,15,2,10,120,25400,27200,73.53,93.38,100,10,10,5,3,FALSE,'','',15),

(30013,'1','TIME_TRIAL',TRUE,12,4,6,70,17250,18600,80.65,92.74,100,8,8,3,3,FALSE,'','',1),
(30013,'2','TIME_TRIAL',TRUE,12,4,6,70,17250,18600,80.65,92.74,100,8,8,3,3,FALSE,'','',2),
(30013,'3','TIME_TRIAL',TRUE,12,4,6,95,15600,26400,45.45,59.09,100,9,8,0,3,TRUE,'Notice the Frenzy Bar! Find three words in quick successions and then score huge bonuses','help5',3),
(30013,'4','TIME_TRIAL',TRUE,12,4,7,95,15600,26400,45.45,59.09,100,8,9,0,3,TRUE,'','',4),
(30013,'5','TIME_TRIAL',TRUE,15,4,7,120,19500,33750,44.44,57.78,100,9,9,0,3,TRUE,'','',5),
(30013,'6','TIME_TRIAL',TRUE,15,4,7,120,19500,33750,44.44,57.78,100,9,9,0,3,TRUE,'','',6),
(30013,'7','TIME_TRIAL',TRUE,15,4,8,120,19500,33750,44.44,57.78,100,9,9,0,3,TRUE,'','',7),
(30013,'8','TIME_TRIAL',TRUE,15,4,8,150,20850,35550,42.19,58.65,100,9,10,0,3,TRUE,'','',8),
(30013,'9','TIME_TRIAL',TRUE,15,4,8,150,21750,36450,41.15,59.67,100,10,9,0,3,TRUE,'','',9),
(30013,'10','TIME_TRIAL',TRUE,15,3,8,150,21750,36450,41.15,59.67,100,10,10,0,3,TRUE,'','',10),
(30013,'11','TIME_TRIAL',TRUE,15,3,8,150,21750,36450,41.15,59.67,100,10,10,0,3,TRUE,'','',11),
(30013,'12','TIME_TRIAL',TRUE,15,3,8,150,21750,36450,41.15,59.67,100,10,10,0,3,TRUE,'','',12),
(30013,'13','TIME_TRIAL',TRUE,18,3,9,180,26100,44250,40.68,58.98,100,10,10,0,3,TRUE,'','',13),
(30013,'14','TIME_TRIAL',TRUE,18,3,9,180,26100,44250,40.68,58.98,100,10,10,0,3,TRUE,'','',14),
(30013,'15','TIME_TRIAL',TRUE,18,2,10,180,26100,44250,40.68,58.98,100,10,10,0,3,TRUE,'','',15),

(30014,'1','TIME_TRIAL',TRUE,15,4,6,120,19050,33300,45.05,57.21,100,9,9,0,3,TRUE,'','',1),
(30014,'2','TIME_TRIAL',TRUE,15,4,6,120,20500,35750,44.76,57.34,100,9,9,1,3,TRUE,'Find hot words in frenzy mode and get Double the Score','help6',2),
(30014,'3','TIME_TRIAL',TRUE,15,4,6,150,21850,37550,42.61,58.19,100,9,10,1,3,TRUE,'','',3),
(30014,'4','TIME_TRIAL',TRUE,15,4,7,150,21850,37550,42.61,58.19,100,9,10,1,3,TRUE,'','',4),
(30014,'5','TIME_TRIAL',TRUE,15,4,7,150,22850,39550,42.98,57.77,100,10,9,2,3,TRUE,'','',5),
(30014,'6','TIME_TRIAL',TRUE,15,4,7,150,22850,39550,42.98,57.77,100,10,9,2,3,TRUE,'','',6),
(30014,'7','TIME_TRIAL',TRUE,15,4,8,150,23850,41550,43.32,57.4,100,10,10,3,3,TRUE,'','',7),
(30014,'8','TIME_TRIAL',TRUE,15,4,8,150,23850,41550,43.32,57.4,100,10,10,3,3,TRUE,'','',8),
(30014,'9','TIME_TRIAL',TRUE,18,4,8,180,28200,49350,42.55,57.14,100,10,10,3,3,TRUE,'','',9),
(30014,'10','TIME_TRIAL',TRUE,18,3,8,180,29100,50250,41.79,57.91,100,10,10,3,3,TRUE,'','',10),
(30014,'11','TIME_TRIAL',TRUE,18,3,8,180,30100,52250,42.11,57.61,100,10,10,4,3,TRUE,'','',11),
(30014,'12','TIME_TRIAL',TRUE,18,3,8,180,30100,52250,42.11,57.61,100,10,10,4,3,TRUE,'','',12),
(30014,'13','TIME_TRIAL',TRUE,21,3,9,210,35450,62050,41.9,57.13,100,10,10,5,3,TRUE,'','',13),
(30014,'14','TIME_TRIAL',TRUE,21,3,9,210,35450,62050,41.9,57.13,100,10,10,5,3,TRUE,'','',14),
(30014,'15','TIME_TRIAL',TRUE,21,2,10,210,35450,62050,41.9,57.13,100,10,10,5,3,TRUE,'','',15),

(30015,'1','TIME_TRIAL',TRUE,18,4,6,180,27300,48450,43.34,56.35,100,10,10,3,3,TRUE,'','',1),
(30015,'2','TIME_TRIAL',TRUE,18,4,6,180,27300,48450,43.34,56.35,100,10,10,3,3,TRUE,'','',2),
(30015,'3','TIME_TRIAL',TRUE,18,4,6,180,28300,50450,43.61,56.1,100,10,10,4,3,TRUE,'','',3),
(30015,'4','TIME_TRIAL',TRUE,18,4,7,180,30100,52250,42.11,57.61,100,10,10,4,3,TRUE,'','',4),
(30015,'5','TIME_TRIAL',TRUE,21,4,7,210,35450,62050,41.9,57.13,100,10,10,5,3,TRUE,'','',5),
(30015,'6','TIME_TRIAL',TRUE,21,4,7,210,35450,62050,41.9,57.13,100,10,10,5,3,TRUE,'','',6),
(30015,'7','TIME_TRIAL',TRUE,21,4,8,210,35450,62050,41.9,57.13,100,10,10,5,3,TRUE,'','',7),
(30015,'8','TIME_TRIAL',TRUE,21,4,8,210,35450,62050,41.9,57.13,100,10,10,5,3,TRUE,'','',8),
(30015,'9','TIME_TRIAL',TRUE,21,4,8,210,36450,64050,42.15,56.91,100,10,10,6,3,TRUE,'','',9),
(30015,'10','TIME_TRIAL',TRUE,21,3,8,210,36450,64050,42.15,56.91,100,10,10,6,3,TRUE,'','',10),
(30015,'11','TIME_TRIAL',TRUE,21,3,8,210,37450,66050,42.39,56.7,100,10,10,7,3,TRUE,'','',11),
(30015,'12','TIME_TRIAL',TRUE,21,3,8,210,39250,67850,41.27,57.85,100,10,10,7,3,TRUE,'','',12),
(30015,'13','TIME_TRIAL',TRUE,24,3,9,240,43600,76100,40.74,57.29,100,10,10,7,3,TRUE,'','',13),
(30015,'14','TIME_TRIAL',TRUE,24,3,9,240,43600,76100,40.74,57.29,100,10,10,7,3,TRUE,'','',14),
(30015,'15','TIME_TRIAL',TRUE,24,2,10,240,44600,78100,40.97,57.11,100,10,10,8,3,TRUE,'','',15),

(30016,'1','SCORE_TRIAL',TRUE,6,3,5,0,6000,6000,100,100,100,6,6,0,6,FALSE,'Swipe over the board to mark words. Find all words!','help1',1),
(30016,'2','SCORE_TRIAL',TRUE,6,3,5,0,6000,6000,100,100,100,6,6,0,6,FALSE,'','',2),
(30016,'3','SCORE_TRIAL',TRUE,6,3,5,0,6000,6000,100,100,100,6,6,0,3,FALSE,'Not all words are visible all the time. Watch out for hidden pages','help4',3),
(30016,'4','TIME_TRIAL',TRUE,6,3,5,40,6900,7800,76.92,88.46,100,7,6,0,3,FALSE,'Keep an eye on the timer at the top. You do not wanna be too slow!','help3',4),
(30016,'5','TIME_TRIAL',TRUE,6,3,5,40,6900,7800,76.92,88.46,100,7,7,0,3,FALSE,'','',5),
(30016,'6','TIME_TRIAL',TRUE,9,3,5,70,11250,12600,71.43,89.29,100,7,8,0,3,FALSE,'','',6),
(30016,'7','TIME_TRIAL',TRUE,9,3,6,70,11700,12600,71.43,92.86,100,8,8,0,3,FALSE,'','',7),
(30016,'8','TIME_TRIAL',TRUE,9,3,6,70,11700,12600,71.43,92.86,100,8,8,0,3,FALSE,'','',8),
(30016,'9','TIME_TRIAL',TRUE,9,3,6,70,11700,12600,71.43,92.86,100,8,8,0,3,FALSE,'','',9),
(30016,'10','TIME_TRIAL',TRUE,9,3,7,70,11700,12600,71.43,92.86,100,8,8,0,3,FALSE,'','',10),
(30016,'11','TIME_TRIAL',TRUE,9,3,7,70,11700,12600,71.43,92.86,100,8,8,0,3,FALSE,'','',11),
(30016,'12','TIME_TRIAL',TRUE,9,3,8,70,11700,12600,71.43,92.86,100,8,8,0,3,FALSE,'','',12),
(30016,'13','TIME_TRIAL',TRUE,12,3,8,95,16050,17850,67.23,89.92,100,8,8,0,3,FALSE,'','',13),
(30016,'14','TIME_TRIAL',TRUE,12,3,8,95,16050,17850,67.23,89.92,100,8,8,0,3,FALSE,'','',14),
(30016,'15','TIME_TRIAL',TRUE,12,3,8,95,16050,17850,67.23,89.92,100,8,8,0,3,FALSE,'','',15),

(30017,'1','TIME_TRIAL',TRUE,9,4,6,50,10350,11250,80,92,100,7,7,0,3,FALSE,'','',1),
(30017,'2','TIME_TRIAL',TRUE,9,4,6,50,10350,11250,80,92,100,7,7,0,3,FALSE,'','',2),
(30017,'3','TIME_TRIAL',TRUE,9,4,6,60,11800,13150,76.05,89.73,100,7,8,1,3,FALSE,'Words highlited in red have double score','help2',3),
(30017,'4','TIME_TRIAL',TRUE,9,4,6,60,12250,13150,76.05,93.16,100,8,8,1,3,FALSE,'','',4),
(30017,'5','TIME_TRIAL',TRUE,12,4,6,80,17150,18500,75.68,92.7,100,8,8,2,3,FALSE,'','',5),
(30017,'6','TIME_TRIAL',TRUE,12,4,7,80,17150,18500,75.68,92.7,100,8,8,2,3,FALSE,'','',6),
(30017,'7','TIME_TRIAL',TRUE,12,4,7,80,17700,19050,78.74,92.91,100,8,9,3,3,FALSE,'','',7),
(30017,'8','TIME_TRIAL',TRUE,12,4,7,80,17700,19050,78.74,92.91,100,9,9,3,3,FALSE,'','',8),
(30017,'9','TIME_TRIAL',TRUE,15,4,7,120,22500,24750,72.73,90.91,100,10,9,3,3,FALSE,'','',9),
(30017,'10','TIME_TRIAL',TRUE,15,3,8,120,23400,25200,71.43,92.86,100,10,10,3,3,FALSE,'','',10),
(30017,'11','TIME_TRIAL',TRUE,15,3,8,120,24400,26200,72.52,93.13,100,10,10,4,3,FALSE,'','',11),
(30017,'12','TIME_TRIAL',TRUE,15,3,8,120,24400,26200,72.52,93.13,100,10,10,4,3,FALSE,'','',12),
(30017,'13','TIME_TRIAL',TRUE,15,3,8,120,25400,27200,73.53,93.38,100,10,10,5,3,FALSE,'','',13),
(30017,'14','TIME_TRIAL',TRUE,15,3,9,120,25400,27200,73.53,93.38,100,10,10,5,3,FALSE,'','',14),
(30017,'15','TIME_TRIAL',TRUE,15,2,10,120,25400,27200,73.53,93.38,100,10,10,5,3,FALSE,'','',15),

(30018,'1','TIME_TRIAL',TRUE,12,4,6,70,17250,18600,80.65,92.74,100,8,8,3,3,FALSE,'','',1),
(30018,'2','TIME_TRIAL',TRUE,12,4,6,70,17250,18600,80.65,92.74,100,8,8,3,3,FALSE,'','',2),
(30018,'3','TIME_TRIAL',TRUE,12,4,6,95,15600,26400,45.45,59.09,100,9,8,0,3,TRUE,'Notice the Frenzy Bar! Find three words in quick successions and then score huge bonuses','help5',3),
(30018,'4','TIME_TRIAL',TRUE,12,4,7,95,15600,26400,45.45,59.09,100,8,9,0,3,TRUE,'','',4),
(30018,'5','TIME_TRIAL',TRUE,15,4,7,120,19500,33750,44.44,57.78,100,9,9,0,3,TRUE,'','',5),
(30018,'6','TIME_TRIAL',TRUE,15,4,7,120,19500,33750,44.44,57.78,100,9,9,0,3,TRUE,'','',6),
(30018,'7','TIME_TRIAL',TRUE,15,4,8,120,19500,33750,44.44,57.78,100,9,9,0,3,TRUE,'','',7),
(30018,'8','TIME_TRIAL',TRUE,15,4,8,150,20850,35550,42.19,58.65,100,9,10,0,3,TRUE,'','',8),
(30018,'9','TIME_TRIAL',TRUE,15,4,8,150,21750,36450,41.15,59.67,100,10,9,0,3,TRUE,'','',9),
(30018,'10','TIME_TRIAL',TRUE,15,3,8,150,21750,36450,41.15,59.67,100,10,10,0,3,TRUE,'','',10),
(30018,'11','TIME_TRIAL',TRUE,15,3,8,150,21750,36450,41.15,59.67,100,10,10,0,3,TRUE,'','',11),
(30018,'12','TIME_TRIAL',TRUE,15,3,8,150,21750,36450,41.15,59.67,100,10,10,0,3,TRUE,'','',12),
(30018,'13','TIME_TRIAL',TRUE,18,3,9,180,26100,44250,40.68,58.98,100,10,10,0,3,TRUE,'','',13),
(30018,'14','TIME_TRIAL',TRUE,18,3,9,180,26100,44250,40.68,58.98,100,10,10,0,3,TRUE,'','',14),
(30018,'15','TIME_TRIAL',TRUE,18,2,10,180,26100,44250,40.68,58.98,100,10,10,0,3,TRUE,'','',15),

(30019,'1','TIME_TRIAL',TRUE,15,4,6,120,19050,33300,45.05,57.21,100,9,9,0,3,TRUE,'','',1),
(30019,'2','TIME_TRIAL',TRUE,15,4,6,120,20500,35750,44.76,57.34,100,9,9,1,3,TRUE,'Find hot words in frenzy mode and get Double the Score','help6',2),
(30019,'3','TIME_TRIAL',TRUE,15,4,6,150,21850,37550,42.61,58.19,100,9,10,1,3,TRUE,'','',3),
(30019,'4','TIME_TRIAL',TRUE,15,4,7,150,21850,37550,42.61,58.19,100,9,10,1,3,TRUE,'','',4),
(30019,'5','TIME_TRIAL',TRUE,15,4,7,150,22850,39550,42.98,57.77,100,10,9,2,3,TRUE,'','',5),
(30019,'6','TIME_TRIAL',TRUE,15,4,7,150,22850,39550,42.98,57.77,100,10,9,2,3,TRUE,'','',6),
(30019,'7','TIME_TRIAL',TRUE,15,4,8,150,23850,41550,43.32,57.4,100,10,10,3,3,TRUE,'','',7),
(30019,'8','TIME_TRIAL',TRUE,15,4,8,150,23850,41550,43.32,57.4,100,10,10,3,3,TRUE,'','',8),
(30019,'9','TIME_TRIAL',TRUE,18,4,8,180,28200,49350,42.55,57.14,100,10,10,3,3,TRUE,'','',9),
(30019,'10','TIME_TRIAL',TRUE,18,3,8,180,29100,50250,41.79,57.91,100,10,10,3,3,TRUE,'','',10),
(30019,'11','TIME_TRIAL',TRUE,18,3,8,180,30100,52250,42.11,57.61,100,10,10,4,3,TRUE,'','',11),
(30019,'12','TIME_TRIAL',TRUE,18,3,8,180,30100,52250,42.11,57.61,100,10,10,4,3,TRUE,'','',12),
(30019,'13','TIME_TRIAL',TRUE,21,3,9,210,35450,62050,41.9,57.13,100,10,10,5,3,TRUE,'','',13),
(30019,'14','TIME_TRIAL',TRUE,21,3,9,210,35450,62050,41.9,57.13,100,10,10,5,3,TRUE,'','',14),
(30019,'15','TIME_TRIAL',TRUE,21,2,10,210,35450,62050,41.9,57.13,100,10,10,5,3,TRUE,'','',15),

(30020,'1','TIME_TRIAL',TRUE,18,4,6,180,27300,48450,43.34,56.35,100,10,10,3,3,TRUE,'','',1),
(30020,'2','TIME_TRIAL',TRUE,18,4,6,180,27300,48450,43.34,56.35,100,10,10,3,3,TRUE,'','',2),
(30020,'3','TIME_TRIAL',TRUE,18,4,6,180,28300,50450,43.61,56.1,100,10,10,4,3,TRUE,'','',3),
(30020,'4','TIME_TRIAL',TRUE,18,4,7,180,30100,52250,42.11,57.61,100,10,10,4,3,TRUE,'','',4),
(30020,'5','TIME_TRIAL',TRUE,21,4,7,210,35450,62050,41.9,57.13,100,10,10,5,3,TRUE,'','',5),
(30020,'6','TIME_TRIAL',TRUE,21,4,7,210,35450,62050,41.9,57.13,100,10,10,5,3,TRUE,'','',6),
(30020,'7','TIME_TRIAL',TRUE,21,4,8,210,35450,62050,41.9,57.13,100,10,10,5,3,TRUE,'','',7),
(30020,'8','TIME_TRIAL',TRUE,21,4,8,210,35450,62050,41.9,57.13,100,10,10,5,3,TRUE,'','',8),
(30020,'9','TIME_TRIAL',TRUE,21,4,8,210,36450,64050,42.15,56.91,100,10,10,6,3,TRUE,'','',9),
(30020,'10','TIME_TRIAL',TRUE,21,3,8,210,36450,64050,42.15,56.91,100,10,10,6,3,TRUE,'','',10),
(30020,'11','TIME_TRIAL',TRUE,21,3,8,210,37450,66050,42.39,56.7,100,10,10,7,3,TRUE,'','',11),
(30020,'12','TIME_TRIAL',TRUE,21,3,8,210,39250,67850,41.27,57.85,100,10,10,7,3,TRUE,'','',12),
(30020,'13','TIME_TRIAL',TRUE,24,3,9,240,43600,76100,40.74,57.29,100,10,10,7,3,TRUE,'','',13),
(30020,'14','TIME_TRIAL',TRUE,24,3,9,240,43600,76100,40.74,57.29,100,10,10,7,3,TRUE,'','',14),
(30020,'15','TIME_TRIAL',TRUE,24,2,10,240,44600,78100,40.97,57.11,100,10,10,8,3,TRUE,'','',15),

(30021,'1','TIME_TRIAL',TRUE,6,3,5,30,12900,13350,89.89,96.63,100,6,6,0,3,FALSE,'Find these numbers! It is harder than it looks','Help8',1),
(30021,'2','TIME_TRIAL',TRUE,6,3,5,30,13900,14850,80.81,93.6,100,6,6,0,3,FALSE,'','',2),
(30021,'3','TIME_TRIAL',TRUE,6,3,5,60,15800,18650,64.34,84.72,100,6,7,0,3,FALSE,'','',3),
(30021,'4','TIME_TRIAL',TRUE,9,3,5,90,24650,27500,65.45,89.64,100,6,7,0,3,FALSE,'','',4),
(30021,'5','TIME_TRIAL',TRUE,9,3,5,90,24650,27500,65.45,89.64,100,6,7,0,3,FALSE,'','',5),
(30021,'6','TIME_TRIAL',TRUE,9,3,6,90,24650,27500,65.45,89.64,100,7,6,0,3,FALSE,'','',6),
(30021,'7','TIME_TRIAL',TRUE,9,3,6,90,25600,28450,63.27,89.98,100,7,6,0,3,FALSE,'','',7),
(30021,'8','TIME_TRIAL',TRUE,9,3,6,90,25600,28450,63.27,89.98,100,7,6,0,3,FALSE,'','',8),
(30021,'9','TIME_TRIAL',TRUE,9,2,6,90,25600,28450,63.27,89.98,100,7,7,0,3,FALSE,'','',9),
(30021,'10','TIME_TRIAL',TRUE,12,2,6,120,33500,38250,62.75,87.58,100,7,7,0,3,FALSE,'','',10),
(30021,'11','TIME_TRIAL',TRUE,12,2,6,120,33500,38250,62.75,87.58,100,7,7,0,3,FALSE,'','',11),
(30021,'12','TIME_TRIAL',TRUE,12,2,6,120,35400,39200,61.22,90.31,100,7,7,0,3,FALSE,'','',12),
(30021,'13','TIME_TRIAL',TRUE,15,2,6,150,44250,49950,60.06,88.59,100,7,7,0,3,FALSE,'','',13),
(30021,'14','TIME_TRIAL',TRUE,15,2,6,150,44250,49950,60.06,88.59,100,7,7,0,3,FALSE,'','',14),
(30021,'15','TIME_TRIAL',TRUE,15,2,6,150,44250,49950,60.06,88.59,100,7,7,0,3,FALSE,'','',15),

(30022,'1','TIME_TRIAL',TRUE,6,3,4,35,13900,21800,55.05,63.76,100,6,6,0,3,TRUE,'Solve the equations and find the results','Help8',1),
(30022,'2','TIME_TRIAL',TRUE,6,3,4,35,13900,21800,55.05,63.76,100,6,6,0,3,TRUE,'','',2),
(30022,'3','TIME_TRIAL',TRUE,6,2,4,50,15800,23700,50.63,66.67,100,6,7,0,3,TRUE,'','',3),
(30022,'4','TIME_TRIAL',TRUE,9,2,4,105,26550,42350,42.5,62.69,100,6,8,0,3,TRUE,'','',4),
(30022,'5','TIME_TRIAL',TRUE,9,2,4,105,26550,42350,42.5,62.69,100,6,8,0,3,TRUE,'','',5),
(30022,'6','TIME_TRIAL',TRUE,9,2,5,80,24650,39500,45.57,62.41,100,7,6,0,3,TRUE,'','',6),
(30022,'7','TIME_TRIAL',TRUE,9,2,5,105,26550,42350,42.5,62.69,100,8,6,0,3,TRUE,'','',7),
(30022,'8','TIME_TRIAL',TRUE,9,2,5,105,26550,42350,42.5,62.69,100,8,6,0,3,TRUE,'','',8),
(30022,'9','TIME_TRIAL',TRUE,9,2,5,80,24650,39500,45.57,62.41,100,7,7,0,3,TRUE,'','',9),
(30022,'10','TIME_TRIAL',TRUE,12,2,5,140,35400,58150,41.27,60.88,100,7,8,0,3,TRUE,'','',10),
(30022,'11','TIME_TRIAL',TRUE,12,2,5,140,35400,58150,41.27,60.88,100,7,8,0,3,TRUE,'','',11),
(30022,'12','TIME_TRIAL',TRUE,12,2,5,140,36350,60050,39.97,60.53,100,8,8,0,3,TRUE,'','',12),
(30022,'13','TIME_TRIAL',TRUE,15,2,5,180,47100,77750,38.59,60.58,100,8,8,0,3,TRUE,'','',13),
(30022,'14','TIME_TRIAL',TRUE,15,2,5,180,47100,77750,38.59,60.58,100,8,8,0,3,TRUE,'','',14),
(30022,'15','TIME_TRIAL',TRUE,15,2,5,180,47100,77750,38.59,60.58,100,8,8,0,3,TRUE,'','',15),

(30023,'1','TIME_TRIAL',TRUE,12,2,4,80,30750,54550,47.66,56.37,100,8,8,1,3,TRUE,'','',1),
(30023,'2','TIME_TRIAL',TRUE,12,2,4,80,30750,54550,47.66,56.37,100,8,8,1,3,TRUE,'','',2),
(30023,'3','TIME_TRIAL',TRUE,12,2,4,80,32750,58550,47.82,55.94,100,8,8,2,3,TRUE,'Hot Numbers!','Help9',3),
(30023,'4','TIME_TRIAL',TRUE,15,2,4,105,42550,74350,45.73,57.23,100,8,8,2,3,TRUE,'','',4),
(30023,'5','TIME_TRIAL',TRUE,15,2,4,105,42550,74350,45.73,57.23,100,8,8,2,3,TRUE,'','',5),
(30023,'6','TIME_TRIAL',TRUE,15,2,4,105,44550,78350,45.95,56.86,100,8,8,3,3,TRUE,'','',6),
(30023,'7','TIME_TRIAL',TRUE,15,2,4,105,44550,78350,45.95,56.86,100,8,8,3,3,TRUE,'','',7),
(30023,'8','TIME_TRIAL',TRUE,15,2,5,150,48350,84050,42.83,57.53,100,9,9,3,3,TRUE,'','',8),
(30023,'9','TIME_TRIAL',TRUE,15,2,5,150,48350,84050,42.83,57.53,100,9,9,3,3,TRUE,'','',9),
(30023,'10','TIME_TRIAL',TRUE,18,2,5,180,59100,101750,41.28,58.08,100,9,9,3,3,TRUE,'','',10),
(30023,'11','TIME_TRIAL',TRUE,18,2,5,180,59100,101750,41.28,58.08,100,9,9,3,3,TRUE,'','',11),
(30023,'12','TIME_TRIAL',TRUE,18,2,5,230,62900,107450,39.09,58.54,100,10,10,3,3,TRUE,'','',12),
(30023,'13','TIME_TRIAL',TRUE,21,2,5,270,72700,125150,38.35,58.09,100,10,10,3,3,TRUE,'','',13),
(30023,'14','TIME_TRIAL',TRUE,21,2,5,270,72700,125150,38.35,58.09,100,10,10,3,3,TRUE,'','',14),
(30023,'15','TIME_TRIAL',TRUE,21,2,5,270,74700,129150,38.71,57.84,100,10,10,4,3,TRUE,'','',15),

(30024,'1','TIME_TRIAL',TRUE,15,2,4,105,39600,69400,46.11,57.06,100,8,8,1,3,TRUE,'','',1),
(30024,'2','TIME_TRIAL',FALSE,15,2,4,105,39600,69400,46.11,57.06,100,8,8,1,3,TRUE,'','',2),
(30024,'3','TIME_TRIAL',FALSE,15,2,4,105,42550,74350,45.73,57.23,100,8,8,2,3,TRUE,'','',3),
(30024,'4','TIME_TRIAL',FALSE,15,2,4,150,46350,80050,42.47,57.9,100,9,9,2,3,TRUE,'','',4),
(30024,'5','TIME_TRIAL',FALSE,15,2,5,150,46350,80050,42.47,57.9,100,9,9,2,3,TRUE,'','',5),
(30024,'6','TIME_TRIAL',FALSE,15,2,5,150,48350,84050,42.83,57.53,100,9,9,3,3,TRUE,'','',6),
(30024,'7','TIME_TRIAL',FALSE,18,2,5,180,57200,99850,42.06,57.29,100,9,9,3,3,TRUE,'','',7),
(30024,'8','TIME_TRIAL',FALSE,18,2,5,180,57200,99850,42.06,57.29,100,9,9,3,3,TRUE,'','',8),
(30024,'9','TIME_TRIAL',FALSE,18,2,5,180,57200,99850,42.06,57.29,100,9,9,3,3,TRUE,'','',9),
(30024,'10','TIME_TRIAL',FALSE,21,2,5,270,69850,122300,39.25,57.11,100,10,10,3,3,TRUE,'','',10),
(30024,'11','TIME_TRIAL',FALSE,21,2,5,270,72700,125150,38.35,58.09,100,10,10,3,3,TRUE,'','',11),
(30024,'12','TIME_TRIAL',FALSE,21,2,5,270,72700,125150,38.35,58.09,100,10,10,3,3,TRUE,'','',12),
(30024,'13','TIME_TRIAL',FALSE,21,2,6,270,72700,125150,38.35,58.09,100,10,10,3,3,TRUE,'','',13),
(30024,'14','TIME_TRIAL',FALSE,21,2,6,270,72700,125150,38.35,58.09,100,10,10,3,3,TRUE,'','',14),
(30024,'15','TIME_TRIAL',FALSE,21,2,6,270,74700,129150,38.71,57.84,100,10,10,4,3,TRUE,'','',15),

(30025,'1','TIME_TRIAL',TRUE,9,3,5,45,38850,40750,88.34,95.34,100,6,6,0,3,FALSE,'The anciant egyptians also played war of words','help10',1),
(30025,'2','TIME_TRIAL',TRUE,9,3,5,45,40350,43250,83.24,93.29,100,6,6,0,3,FALSE,'','',2),
(30025,'3','TIME_TRIAL',TRUE,9,3,5,70,43250,47600,75.63,90.86,100,6,7,0,3,FALSE,'','',3),
(30025,'4','TIME_TRIAL',TRUE,9,3,5,90,46150,50500,71.29,91.39,100,6,8,0,3,FALSE,'','',4),
(30025,'5','TIME_TRIAL',TRUE,9,3,5,90,46150,50500,71.29,91.39,100,6,8,0,3,FALSE,'','',5),
(30025,'6','TIME_TRIAL',TRUE,9,3,5,70,43250,47600,75.63,90.86,100,7,6,0,3,FALSE,'','',6),
(30025,'7','TIME_TRIAL',TRUE,9,3,5,90,47600,51950,69.3,91.63,100,8,6,0,3,FALSE,'','',7),
(30025,'8','TIME_TRIAL',TRUE,9,3,5,90,47600,51950,69.3,91.63,100,8,6,0,3,FALSE,'','',8),
(30025,'9','TIME_TRIAL',TRUE,12,3,5,95,61050,65400,73.39,93.35,100,7,7,0,3,FALSE,'','',9),
(30025,'10','TIME_TRIAL',TRUE,12,3,5,120,62500,69750,68.82,89.61,100,7,8,0,3,FALSE,'','',10),
(30025,'11','TIME_TRIAL',TRUE,12,3,5,120,62500,69750,68.82,89.61,100,7,8,0,3,FALSE,'','',11),
(30025,'12','TIME_TRIAL',TRUE,12,3,5,120,65400,71200,67.42,91.85,100,8,8,0,3,FALSE,'','',12),
(30025,'13','TIME_TRIAL',TRUE,15,3,5,150,81750,90450,66.33,90.38,100,8,8,0,3,FALSE,'','',13),
(30025,'14','TIME_TRIAL',TRUE,15,3,5,150,81750,90450,66.33,90.38,100,8,8,0,3,FALSE,'','',14),
(30025,'15','TIME_TRIAL',TRUE,15,3,5,150,81750,90450,66.33,90.38,100,8,8,0,3,FALSE,'','',15),

(30026,'1','TIME_TRIAL',TRUE,15,3,5,90,78150,138500,49.1,56.43,100,8,8,2,3,TRUE,'Egypt is burning (well atleast the glyphs are)','help11',1),
(30026,'2','TIME_TRIAL',TRUE,15,3,5,90,78150,138500,49.1,56.43,100,8,8,2,3,TRUE,'','',2),
(30026,'3','TIME_TRIAL',TRUE,15,3,5,90,83600,147950,48.67,56.51,100,8,8,3,3,TRUE,'','',3),
(30026,'4','TIME_TRIAL',TRUE,15,3,5,90,83600,147950,48.67,56.51,100,8,8,3,3,TRUE,'','',4),
(30026,'5','TIME_TRIAL',TRUE,15,3,5,90,83600,147950,48.67,56.51,100,8,8,3,3,TRUE,'','',5),
(30026,'6','TIME_TRIAL',TRUE,15,3,5,90,83600,147950,48.67,56.51,100,8,8,3,3,TRUE,'','',6),
(30026,'7','TIME_TRIAL',TRUE,15,3,5,90,87600,155950,48.73,56.17,100,8,8,4,3,TRUE,'','',7),
(30026,'8','TIME_TRIAL',TRUE,18,3,5,160,108300,193000,45.6,56.11,100,9,9,4,3,TRUE,'','',8),
(30026,'9','TIME_TRIAL',TRUE,18,3,5,160,112300,201000,45.77,55.87,100,9,9,5,3,TRUE,'','',9),
(30026,'10','TIME_TRIAL',TRUE,18,3,5,160,112300,201000,45.77,55.87,100,9,9,5,3,TRUE,'','',10),
(30026,'11','TIME_TRIAL',TRUE,18,3,5,160,112300,201000,45.77,55.87,100,9,9,5,3,TRUE,'','',11),
(30026,'12','TIME_TRIAL',TRUE,18,3,5,160,113750,203900,45.12,55.79,100,9,9,5,3,TRUE,'','',12),
(30026,'13','TIME_TRIAL',TRUE,18,3,5,160,117750,211900,45.3,55.57,100,9,9,6,3,TRUE,'','',13),
(30026,'14','TIME_TRIAL',TRUE,18,3,5,160,117750,211900,45.3,55.57,100,9,9,6,3,TRUE,'','',14),
(30026,'15','TIME_TRIAL',TRUE,18,3,5,160,121750,219900,45.48,55.37,100,9,9,7,3,TRUE,'','',15),

(30027,'1','TIME_TRIAL',TRUE,15,3,5,105,79600,141400,48.09,56.29,100,8,8,2,3,TRUE,'','',1),
(30027,'2','TIME_TRIAL',TRUE,15,3,5,105,79600,141400,48.09,56.29,100,8,8,2,3,TRUE,'','',2),
(30027,'3','TIME_TRIAL',TRUE,15,3,5,105,83600,149400,48.19,55.96,100,8,8,3,3,TRUE,'','',3),
(30027,'4','TIME_TRIAL',TRUE,15,3,5,150,90850,159550,45.13,56.94,100,9,9,3,3,TRUE,'','',4),
(30027,'5','TIME_TRIAL',TRUE,15,3,5,150,90850,159550,45.13,56.94,100,9,9,3,3,TRUE,'','',5),
(30027,'6','TIME_TRIAL',TRUE,15,3,5,150,90850,159550,45.13,56.94,100,9,9,3,3,TRUE,'','',6),
(30027,'7','TIME_TRIAL',TRUE,15,3,5,150,94850,167550,45.36,56.61,100,9,9,4,3,TRUE,'','',7),
(30027,'8','TIME_TRIAL',TRUE,18,3,5,180,111200,197350,44.59,56.35,100,9,9,4,3,TRUE,'','',8),
(30027,'9','TIME_TRIAL',TRUE,18,3,5,180,115200,205350,44.8,56.1,100,9,9,5,3,TRUE,'','',9),
(30027,'10','TIME_TRIAL',TRUE,18,3,6,230,123900,216950,42.41,57.11,100,10,10,5,3,TRUE,'','',10),
(30027,'11','TIME_TRIAL',TRUE,18,3,6,230,123900,216950,42.41,57.11,100,10,10,5,3,TRUE,'','',11),
(30027,'12','TIME_TRIAL',TRUE,18,3,6,230,123900,216950,42.41,57.11,100,10,10,5,3,TRUE,'','',12),
(30027,'13','TIME_TRIAL',TRUE,18,3,6,230,127900,224950,42.68,56.86,100,10,10,6,3,TRUE,'','',13),
(30027,'14','TIME_TRIAL',TRUE,18,3,6,230,127900,224950,42.68,56.86,100,10,10,6,3,TRUE,'','',14),
(30027,'15','TIME_TRIAL',TRUE,18,3,6,230,131900,232950,42.93,56.62,100,10,10,7,3,TRUE,'','',15),

(30028,'1','TIME_TRIAL',FALSE,15,2,5,105,79600,141400,48.09,56.29,100,8,8,2,3,TRUE,'','',1),
(30028,'2','TIME_TRIAL',FALSE,15,2,5,105,79600,141400,48.09,56.29,100,8,8,2,3,TRUE,'','',2),
(30028,'3','TIME_TRIAL',FALSE,15,2,5,105,83600,149400,48.19,55.96,100,8,8,3,3,TRUE,'','',3),
(30028,'4','TIME_TRIAL',FALSE,15,2,5,150,90850,159550,45.13,56.94,100,9,9,3,3,TRUE,'','',4),
(30028,'5','TIME_TRIAL',FALSE,15,2,5,150,90850,159550,45.13,56.94,100,9,9,3,3,TRUE,'','',5),
(30028,'6','TIME_TRIAL',FALSE,15,2,5,150,90850,159550,45.13,56.94,100,9,9,3,3,TRUE,'','',6),
(30028,'7','TIME_TRIAL',FALSE,15,2,5,150,94850,167550,45.36,56.61,100,9,9,4,3,TRUE,'','',7),
(30028,'8','TIME_TRIAL',FALSE,15,2,5,150,94850,167550,45.36,56.61,100,9,9,4,3,TRUE,'','',8),
(30028,'9','TIME_TRIAL',FALSE,15,2,5,150,98850,175550,45.57,56.31,100,9,9,5,3,TRUE,'','',9),
(30028,'10','TIME_TRIAL',FALSE,15,2,6,195,104650,184250,43.42,56.8,100,10,10,5,3,TRUE,'','',10),
(30028,'11','TIME_TRIAL',FALSE,15,2,6,195,107550,187150,42.75,57.47,100,10,10,5,3,TRUE,'','',11),
(30028,'12','TIME_TRIAL',FALSE,15,2,6,195,107550,187150,42.75,57.47,100,10,10,5,3,TRUE,'','',12),
(30028,'13','TIME_TRIAL',FALSE,15,2,6,195,111550,195150,43.04,57.16,100,10,10,6,3,TRUE,'','',13),
(30028,'14','TIME_TRIAL',FALSE,15,2,6,195,111550,195150,43.04,57.16,100,10,10,6,3,TRUE,'','',14),
(30028,'15','TIME_TRIAL',FALSE,15,2,6,195,115550,203150,43.32,56.88,100,10,10,7,3,TRUE,'','',15),

(30029,'1','TIME_TRIAL',TRUE,15,3,8,105,28600,48400,35.12,59.09,100,8,8,2,3,TRUE,'','',1),
(30029,'2','TIME_TRIAL',TRUE,15,3,8,105,20600,36400,46.7,56.59,100,8,8,2,3,TRUE,'','',2),
(30029,'3','TIME_TRIAL',TRUE,15,3,8,105,21600,38400,46.88,56.25,100,8,8,3,3,TRUE,'','',3),
(30029,'4','TIME_TRIAL',TRUE,15,3,9,150,23400,41100,43.8,56.93,100,9,9,3,3,TRUE,'','',4),
(30029,'5','TIME_TRIAL',TRUE,15,3,9,150,23400,41100,43.8,56.93,100,9,9,3,3,TRUE,'','',5),
(30029,'6','TIME_TRIAL',TRUE,15,3,9,150,23400,41100,43.8,56.93,100,9,9,3,3,TRUE,'','',6),
(30029,'7','TIME_TRIAL',TRUE,15,3,9,150,24850,43550,43.63,57.06,100,9,9,4,3,TRUE,'','',7),
(30029,'8','TIME_TRIAL',TRUE,15,3,9,150,24850,43550,43.63,57.06,100,9,9,4,3,TRUE,'','',8),
(30029,'9','TIME_TRIAL',TRUE,15,3,9,150,25850,45550,43.91,56.75,100,9,9,5,3,TRUE,'','',9),
(30029,'10','TIME_TRIAL',TRUE,18,3,10,230,32000,56050,41.03,57.09,100,10,10,5,3,TRUE,'','',10),
(30029,'11','TIME_TRIAL',TRUE,18,3,10,230,32000,56050,41.03,57.09,100,10,10,5,3,TRUE,'','',11),
(30029,'12','TIME_TRIAL',TRUE,18,3,10,230,32000,56050,41.03,57.09,100,10,10,5,3,TRUE,'','',12),
(30029,'13','TIME_TRIAL',TRUE,18,3,10,230,33900,58950,40.71,57.51,100,10,10,6,3,TRUE,'','',13),
(30029,'14','TIME_TRIAL',TRUE,18,3,10,230,33900,58950,40.71,57.51,100,10,10,6,3,TRUE,'','',14),
(30029,'15','TIME_TRIAL',TRUE,18,3,10,230,34900,60950,41.02,57.26,100,10,10,7,3,TRUE,'','',15),

(30030,'1','TIME_TRIAL',TRUE,15,4,8,105,29600,50400,35.71,58.73,100,8,8,3,3,TRUE,'','',1),
(30030,'2','TIME_TRIAL',TRUE,15,4,8,105,21600,38400,46.88,56.25,100,8,8,3,3,TRUE,'','',2),
(30030,'3','TIME_TRIAL',TRUE,15,4,8,105,21600,38400,46.88,56.25,100,8,8,3,3,TRUE,'','',3),
(30030,'4','TIME_TRIAL',TRUE,15,4,9,150,23850,41550,43.32,57.4,100,9,9,3,3,TRUE,'','',4),
(30030,'5','TIME_TRIAL',TRUE,15,4,9,150,24850,43550,43.63,57.06,100,9,9,4,3,TRUE,'','',5),
(30030,'6','TIME_TRIAL',TRUE,15,4,9,150,24850,43550,43.63,57.06,100,9,9,4,3,TRUE,'','',6),
(30030,'7','TIME_TRIAL',TRUE,15,4,9,150,24850,43550,43.63,57.06,100,9,9,4,3,TRUE,'','',7),
(30030,'8','TIME_TRIAL',TRUE,15,4,9,150,25850,45550,43.91,56.75,100,9,9,5,3,TRUE,'','',8),
(30030,'9','TIME_TRIAL',TRUE,15,4,9,150,25850,45550,43.91,56.75,100,9,9,5,3,TRUE,'','',9),
(30030,'10','TIME_TRIAL',TRUE,18,3,10,230,32900,56950,40.39,57.77,100,10,10,5,3,TRUE,'','',10),
(30030,'11','TIME_TRIAL',TRUE,18,3,10,230,32900,56950,40.39,57.77,100,10,10,5,3,TRUE,'','',11),
(30030,'12','TIME_TRIAL',TRUE,18,3,10,230,32900,56950,40.39,57.77,100,10,10,5,3,TRUE,'','',12),
(30030,'13','TIME_TRIAL',TRUE,18,3,10,230,32900,56950,40.39,57.77,100,10,10,5,3,TRUE,'','',13),
(30030,'14','TIME_TRIAL',TRUE,18,3,10,230,32900,56950,40.39,57.77,100,10,10,5,3,TRUE,'','',14),
(30030,'15','TIME_TRIAL',TRUE,18,2,10,230,32900,56950,40.39,57.77,100,10,10,5,3,TRUE,'','',15),

(30031,'1','TIME_TRIAL',TRUE,15,4,8,105,21600,38400,46.88,56.25,100,8,8,3,3,TRUE,'','',1),
(30031,'2','TIME_TRIAL',TRUE,15,4,8,105,21600,38400,46.88,56.25,100,8,8,3,3,TRUE,'','',2),
(30031,'3','TIME_TRIAL',TRUE,15,4,8,105,22050,38850,46.33,56.76,100,8,8,3,3,TRUE,'','',3),
(30031,'4','TIME_TRIAL',TRUE,15,4,9,150,23850,41550,43.32,57.4,100,9,9,3,3,TRUE,'','',4),
(30031,'5','TIME_TRIAL',TRUE,15,4,9,150,24850,43550,43.63,57.06,100,9,9,4,3,TRUE,'','',5),
(30031,'6','TIME_TRIAL',TRUE,15,4,9,150,24850,43550,43.63,57.06,100,9,9,4,3,TRUE,'','',6),
(30031,'7','TIME_TRIAL',TRUE,15,4,9,150,24850,43550,43.63,57.06,100,9,9,4,3,TRUE,'','',7),
(30031,'8','TIME_TRIAL',TRUE,15,4,9,150,25850,45550,43.91,56.75,100,9,9,5,3,TRUE,'','',8),
(30031,'9','TIME_TRIAL',TRUE,15,4,9,150,26750,46450,43.06,57.59,100,9,9,5,3,TRUE,'','',9),
(30031,'10','TIME_TRIAL',TRUE,18,3,10,230,32900,56950,40.39,57.77,100,10,10,5,3,TRUE,'','',10),
(30031,'11','TIME_TRIAL',TRUE,18,3,10,230,32900,56950,40.39,57.77,100,10,10,5,3,TRUE,'','',11),
(30031,'12','TIME_TRIAL',TRUE,18,3,10,230,32900,56950,40.39,57.77,100,10,10,5,3,TRUE,'','',12),
(30031,'13','TIME_TRIAL',TRUE,18,3,10,230,32900,56950,40.39,57.77,100,10,10,5,3,TRUE,'','',13),
(30031,'14','TIME_TRIAL',TRUE,18,3,10,230,32900,56950,40.39,57.77,100,10,10,5,3,TRUE,'','',14),
(30031,'15','TIME_TRIAL',TRUE,18,2,10,230,32900,56950,40.39,57.77,100,10,10,5,3,TRUE,'','',15),

(30032,'1','TIME_TRIAL',TRUE,12,4,8,80,17250,31050,48.31,55.56,100,8,8,3,3,TRUE,'See if you know which element these symbols belong to','help12',1),
(30032,'2','TIME_TRIAL',TRUE,12,4,8,80,17700,31500,47.62,56.19,100,8,8,3,3,TRUE,'','',2),
(30032,'3','TIME_TRIAL',TRUE,12,4,8,120,19500,33750,44.44,57.78,100,9,8,3,3,TRUE,'','',3),
(30032,'4','TIME_TRIAL',TRUE,12,4,8,120,19500,33750,44.44,57.78,100,8,9,3,3,TRUE,'','',4),
(30032,'5','TIME_TRIAL',TRUE,12,4,9,120,20500,35750,44.76,57.34,100,9,9,4,3,TRUE,'','',5),
(30032,'6','TIME_TRIAL',TRUE,12,4,9,120,20500,35750,44.76,57.34,100,9,9,4,3,TRUE,'','',6),
(30032,'7','TIME_TRIAL',TRUE,15,4,9,150,24850,43550,43.63,57.06,100,9,9,4,3,TRUE,'','',7),
(30032,'8','TIME_TRIAL',TRUE,15,4,9,195,27650,48250,41.45,57.31,100,9,10,5,3,TRUE,'','',8),
(30032,'9','TIME_TRIAL',TRUE,15,4,9,195,27650,48250,41.45,57.31,100,10,9,5,3,TRUE,'','',9),
(30032,'10','TIME_TRIAL',TRUE,15,3,10,195,28550,49150,40.69,58.09,100,10,10,5,3,TRUE,'','',10),
(30032,'11','TIME_TRIAL',TRUE,15,3,10,195,28550,49150,40.69,58.09,100,10,10,5,3,TRUE,'','',11),
(30032,'12','TIME_TRIAL',TRUE,15,3,10,195,28550,49150,40.69,58.09,100,10,10,5,3,TRUE,'','',12),
(30032,'13','TIME_TRIAL',TRUE,15,3,10,195,28550,49150,40.69,58.09,100,10,10,5,3,TRUE,'','',13),
(30032,'14','TIME_TRIAL',TRUE,15,3,10,195,28550,49150,40.69,58.09,100,10,10,5,3,TRUE,'','',14),
(30032,'15','TIME_TRIAL',TRUE,15,2,10,195,28550,49150,40.69,58.09,100,10,10,5,3,TRUE,'','',15),

(30033,'1','TIME_TRIAL',TRUE,15,4,8,105,21600,38400,46.88,56.25,100,8,8,3,3,TRUE,'See how well you do when your words are not highlited on the board','help13',1),
(30033,'2','TIME_TRIAL',TRUE,15,4,8,105,21600,38400,46.88,56.25,100,8,8,3,3,TRUE,'','',2),
(30033,'3','TIME_TRIAL',TRUE,15,4,8,150,23400,41100,43.8,56.93,100,9,8,3,3,TRUE,'','',3),
(30033,'4','TIME_TRIAL',TRUE,15,4,8,150,23850,41550,43.32,57.4,100,8,9,3,3,TRUE,'','',4),
(30033,'5','TIME_TRIAL',TRUE,15,4,9,150,24850,43550,43.63,57.06,100,9,9,4,3,TRUE,'','',5),
(30033,'6','TIME_TRIAL',TRUE,15,4,9,150,24850,43550,43.63,57.06,100,9,9,4,3,TRUE,'','',6),
(30033,'7','TIME_TRIAL',TRUE,15,4,9,150,24850,43550,43.63,57.06,100,9,9,4,3,TRUE,'','',7),
(30033,'8','TIME_TRIAL',TRUE,15,4,9,195,27650,48250,41.45,57.31,100,9,10,5,3,TRUE,'','',8),
(30033,'9','TIME_TRIAL',TRUE,15,4,9,195,27650,48250,41.45,57.31,100,10,9,5,3,TRUE,'','',9),
(30033,'10','TIME_TRIAL',TRUE,18,3,10,230,32000,56050,41.03,57.09,100,10,10,5,3,TRUE,'','',10),
(30033,'11','TIME_TRIAL',TRUE,18,3,10,230,32000,56050,41.03,57.09,100,10,10,5,3,TRUE,'','',11),
(30033,'12','TIME_TRIAL',TRUE,18,3,10,230,32900,56950,40.39,57.77,100,10,10,5,3,TRUE,'','',12),
(30033,'13','TIME_TRIAL',TRUE,18,3,10,230,32900,56950,40.39,57.77,100,10,10,5,3,TRUE,'','',13),
(30033,'14','TIME_TRIAL',TRUE,18,3,10,230,32900,56950,40.39,57.77,100,10,10,5,3,TRUE,'','',14),
(30033,'15','TIME_TRIAL',TRUE,18,2,10,230,32900,56950,40.39,57.77,100,10,10,5,3,TRUE,'','',15),

(30034,'1','TIME_TRIAL',TRUE,15,4,8,105,21600,38400,46.88,56.25,100,8,8,3,3,TRUE,'','',1),
(30034,'2','TIME_TRIAL',TRUE,15,4,8,105,21600,38400,46.88,56.25,100,8,8,3,3,TRUE,'','',2),
(30034,'3','TIME_TRIAL',TRUE,15,4,8,150,23400,41100,43.8,56.93,100,9,8,3,3,TRUE,'','',3),
(30034,'4','TIME_TRIAL',TRUE,15,4,8,150,23400,41100,43.8,56.93,100,8,9,3,3,TRUE,'','',4),
(30034,'5','TIME_TRIAL',TRUE,15,4,9,150,24400,43100,44.08,56.61,100,9,9,4,3,TRUE,'','',5),
(30034,'6','TIME_TRIAL',TRUE,15,4,9,150,24400,43100,44.08,56.61,100,9,9,4,3,TRUE,'','',6),
(30034,'7','TIME_TRIAL',TRUE,15,4,9,150,25750,44450,42.74,57.93,100,9,9,4,3,TRUE,'','',7),
(30034,'8','TIME_TRIAL',TRUE,15,4,9,195,28550,49150,40.69,58.09,100,9,10,5,3,TRUE,'','',8),
(30034,'9','TIME_TRIAL',TRUE,15,4,9,195,28550,49150,40.69,58.09,100,10,9,5,3,TRUE,'','',9),
(30034,'10','TIME_TRIAL',TRUE,18,3,10,230,32900,56950,40.39,57.77,100,10,10,5,3,TRUE,'','',10),
(30034,'11','TIME_TRIAL',TRUE,18,3,10,230,32900,56950,40.39,57.77,100,10,10,5,3,TRUE,'','',11),
(30034,'12','TIME_TRIAL',TRUE,18,3,10,230,32900,56950,40.39,57.77,100,10,10,5,3,TRUE,'','',12),
(30034,'13','TIME_TRIAL',TRUE,18,3,10,230,32900,56950,40.39,57.77,100,10,10,5,3,TRUE,'','',13),
(30034,'14','TIME_TRIAL',TRUE,18,3,10,230,35150,59200,38.85,59.38,100,10,10,5,3,TRUE,'','',14),
(30034,'15','TIME_TRIAL',TRUE,18,2,10,230,35150,59200,38.85,59.38,100,10,10,5,3,TRUE,'','',15),

(30035,'1','TIME_TRIAL',TRUE,15,4,8,105,22500,39300,45.8,57.25,100,8,8,3,3,TRUE,'','',1),
(30035,'2','TIME_TRIAL',TRUE,15,4,8,105,22500,39300,45.8,57.25,100,8,8,3,3,TRUE,'','',2),
(30035,'3','TIME_TRIAL',TRUE,15,4,8,150,24750,42450,42.4,58.3,100,9,8,3,3,TRUE,'','',3),
(30035,'4','TIME_TRIAL',TRUE,15,4,8,150,24750,42450,42.4,58.3,100,8,9,3,3,TRUE,'','',4),
(30035,'5','TIME_TRIAL',TRUE,15,4,9,150,27100,45800,41.48,59.17,100,9,9,4,3,TRUE,'','',5),
(30035,'6','TIME_TRIAL',TRUE,15,4,9,150,27100,45800,41.48,59.17,100,9,9,4,3,TRUE,'','',6),
(30035,'7','TIME_TRIAL',TRUE,15,4,9,150,27100,45800,41.48,59.17,100,9,9,4,3,TRUE,'','',7),
(30035,'8','TIME_TRIAL',TRUE,15,4,9,195,30350,50950,39.25,59.57,100,9,10,5,3,TRUE,'','',8),
(30035,'9','TIME_TRIAL',TRUE,15,4,9,195,30350,50950,39.25,59.57,100,10,9,5,3,TRUE,'','',9),
(30035,'10','TIME_TRIAL',TRUE,18,3,10,230,35150,59200,38.85,59.38,100,10,10,5,3,TRUE,'','',10),
(30035,'11','TIME_TRIAL',TRUE,18,3,10,230,35150,59200,38.85,59.38,100,10,10,5,3,TRUE,'','',11),
(30035,'12','TIME_TRIAL',TRUE,18,3,10,230,36950,61450,37.43,60.13,100,10,10,5,3,TRUE,'','',12),
(30035,'13','TIME_TRIAL',TRUE,18,3,10,230,36950,61450,37.43,60.13,100,10,10,5,3,TRUE,'','',13),
(30035,'14','TIME_TRIAL',TRUE,18,3,10,230,36950,61450,37.43,60.13,100,10,10,5,3,TRUE,'','',14),
(30035,'15','TIME_TRIAL',TRUE,18,2,10,230,36950,61450,37.43,60.13,100,10,10,5,3,TRUE,'','',15),

(30036,'1','TIME_TRIAL',TRUE,15,4,8,105,21600,38400,46.88,56.25,100,8,8,3,3,TRUE,'','',1),
(30036,'2','TIME_TRIAL',TRUE,15,4,8,105,21600,38400,46.88,56.25,100,8,8,3,3,TRUE,'','',2),
(30036,'3','TIME_TRIAL',TRUE,15,4,8,150,23400,41100,43.8,56.93,100,9,8,3,3,TRUE,'','',3),
(30036,'4','TIME_TRIAL',TRUE,15,4,8,150,23400,41100,43.8,56.93,100,8,9,3,3,TRUE,'','',4),
(30036,'5','TIME_TRIAL',TRUE,15,4,9,150,24400,43100,44.08,56.61,100,9,9,4,3,TRUE,'','',5),
(30036,'6','TIME_TRIAL',TRUE,15,4,9,150,24400,43100,44.08,56.61,100,9,9,4,3,TRUE,'','',6),
(30036,'7','TIME_TRIAL',TRUE,15,4,9,150,24850,43550,43.63,57.06,100,9,9,4,3,TRUE,'','',7),
(30036,'8','TIME_TRIAL',TRUE,15,4,9,195,27650,48250,41.45,57.31,100,9,10,5,3,TRUE,'','',8),
(30036,'9','TIME_TRIAL',TRUE,15,4,9,195,27650,48250,41.45,57.31,100,10,9,5,3,TRUE,'','',9),
(30036,'10','TIME_TRIAL',TRUE,18,3,10,230,32000,56050,41.03,57.09,100,10,10,5,3,TRUE,'','',10),
(30036,'11','TIME_TRIAL',TRUE,18,3,10,230,32000,56050,41.03,57.09,100,10,10,5,3,TRUE,'','',11),
(30036,'12','TIME_TRIAL',TRUE,18,3,10,230,32000,56050,41.03,57.09,100,10,10,5,3,TRUE,'','',12),
(30036,'13','TIME_TRIAL',TRUE,18,3,10,230,32000,56050,41.03,57.09,100,10,10,5,3,TRUE,'','',13),
(30036,'14','TIME_TRIAL',TRUE,18,3,10,230,32900,56950,40.39,57.77,100,10,10,5,3,TRUE,'','',14),
(30036,'15','TIME_TRIAL',TRUE,18,2,10,230,32900,56950,40.39,57.77,100,10,10,5,3,TRUE,'','',15),

(30037,'1','TIME_TRIAL',TRUE,12,4,8,80,17250,31050,48.31,55.56,100,8,8,3,3,TRUE,'','',1),
(30037,'2','TIME_TRIAL',TRUE,12,4,8,80,17250,31050,48.31,55.56,100,8,8,3,3,TRUE,'','',2),
(30037,'3','TIME_TRIAL',TRUE,12,4,8,120,19050,33300,45.05,57.21,100,9,8,3,3,TRUE,'','',3),
(30037,'4','TIME_TRIAL',TRUE,12,4,8,120,19050,33300,45.05,57.21,100,8,9,3,3,TRUE,'','',4),
(30037,'5','TIME_TRIAL',TRUE,12,4,9,120,20500,35750,44.76,57.34,100,9,9,4,3,TRUE,'','',5),
(30037,'6','TIME_TRIAL',TRUE,12,4,9,120,20500,35750,44.76,57.34,100,9,9,4,3,TRUE,'','',6),
(30037,'7','TIME_TRIAL',TRUE,15,4,9,150,24850,43550,43.63,57.06,100,9,9,4,3,TRUE,'','',7),
(30037,'8','TIME_TRIAL',TRUE,15,4,9,195,27650,48250,41.45,57.31,100,9,10,5,3,TRUE,'','',8),
(30037,'9','TIME_TRIAL',TRUE,15,4,9,195,27650,48250,41.45,57.31,100,10,9,5,3,TRUE,'','',9),
(30037,'10','TIME_TRIAL',TRUE,15,3,10,195,27650,48250,41.45,57.31,100,10,10,5,3,TRUE,'','',10),
(30037,'11','TIME_TRIAL',TRUE,15,3,10,195,27650,48250,41.45,57.31,100,10,10,5,3,TRUE,'','',11),
(30037,'12','TIME_TRIAL',TRUE,15,3,10,195,28550,49150,40.69,58.09,100,10,10,5,3,TRUE,'','',12),
(30037,'13','TIME_TRIAL',TRUE,15,3,10,195,28550,49150,40.69,58.09,100,10,10,5,3,TRUE,'','',13),
(30037,'14','TIME_TRIAL',TRUE,15,3,10,195,28550,49150,40.69,58.09,100,10,10,5,3,TRUE,'','',14),
(30037,'15','TIME_TRIAL',TRUE,15,2,10,195,28550,49150,40.69,58.09,100,10,10,5,3,TRUE,'','',15),

(30038,'1','TIME_TRIAL',TRUE,15,4,8,105,21600,38400,46.88,56.25,100,8,8,3,3,TRUE,'','',1),
(30038,'2','TIME_TRIAL',TRUE,15,4,8,105,21600,38400,46.88,56.25,100,8,8,3,3,TRUE,'','',2),
(30038,'3','TIME_TRIAL',TRUE,15,4,8,150,23400,41100,43.8,56.93,100,9,8,3,3,TRUE,'','',3),
(30038,'4','TIME_TRIAL',TRUE,15,4,8,150,23400,41100,43.8,56.93,100,8,9,3,3,TRUE,'','',4),
(30038,'5','TIME_TRIAL',TRUE,15,4,9,150,24400,43100,44.08,56.61,100,9,9,4,3,TRUE,'','',5),
(30038,'6','TIME_TRIAL',TRUE,15,4,9,150,24400,43100,44.08,56.61,100,9,9,4,3,TRUE,'','',6),
(30038,'7','TIME_TRIAL',TRUE,15,4,9,150,24850,43550,43.63,57.06,100,9,9,4,3,TRUE,'','',7),
(30038,'8','TIME_TRIAL',TRUE,15,4,9,195,27650,48250,41.45,57.31,100,9,10,5,3,TRUE,'','',8),
(30038,'9','TIME_TRIAL',TRUE,15,4,9,195,27650,48250,41.45,57.31,100,10,9,5,3,TRUE,'','',9),
(30038,'10','TIME_TRIAL',TRUE,18,3,10,230,32000,56050,41.03,57.09,100,10,10,5,3,TRUE,'','',10),
(30038,'11','TIME_TRIAL',TRUE,18,3,10,230,32000,56050,41.03,57.09,100,10,10,5,3,TRUE,'','',11),
(30038,'12','TIME_TRIAL',TRUE,18,3,10,230,32000,56050,41.03,57.09,100,10,10,5,3,TRUE,'','',12),
(30038,'13','TIME_TRIAL',TRUE,18,3,10,230,32000,56050,41.03,57.09,100,10,10,5,3,TRUE,'','',13),
(30038,'14','TIME_TRIAL',TRUE,18,3,10,230,32900,56950,40.39,57.77,100,10,10,5,3,TRUE,'','',14),
(30038,'15','TIME_TRIAL',TRUE,18,2,10,230,32900,56950,40.39,57.77,100,10,10,5,3,TRUE,'','',15),

(30039,'1','TIME_TRIAL',TRUE,15,4,8,105,21600,38400,46.88,56.25,100,8,8,3,3,TRUE,'','',1),
(30039,'2','TIME_TRIAL',TRUE,15,4,8,105,21600,38400,46.88,56.25,100,8,8,3,3,TRUE,'','',2),
(30039,'3','TIME_TRIAL',TRUE,15,4,8,150,23400,41100,43.8,56.93,100,9,8,3,3,TRUE,'','',3),
(30039,'4','TIME_TRIAL',TRUE,15,4,8,150,23400,41100,43.8,56.93,100,8,9,3,3,TRUE,'','',4),
(30039,'5','TIME_TRIAL',TRUE,15,4,9,150,24850,43550,43.63,57.06,100,9,9,4,3,TRUE,'','',5),
(30039,'6','TIME_TRIAL',TRUE,15,4,9,150,24850,43550,43.63,57.06,100,9,9,4,3,TRUE,'','',6),
(30039,'7','TIME_TRIAL',TRUE,15,4,9,150,24850,43550,43.63,57.06,100,9,9,4,3,TRUE,'','',7),
(30039,'8','TIME_TRIAL',TRUE,15,4,9,195,27650,48250,41.45,57.31,100,9,10,5,3,TRUE,'','',8),
(30039,'9','TIME_TRIAL',TRUE,15,4,9,195,27650,48250,41.45,57.31,100,10,9,5,3,TRUE,'','',9),
(30039,'10','TIME_TRIAL',TRUE,18,3,10,230,32000,56050,41.03,57.09,100,10,10,5,3,TRUE,'','',10),
(30039,'11','TIME_TRIAL',TRUE,18,3,10,230,32000,56050,41.03,57.09,100,10,10,5,3,TRUE,'','',11),
(30039,'12','TIME_TRIAL',TRUE,18,3,10,230,32900,56950,40.39,57.77,100,10,10,5,3,TRUE,'','',12),
(30039,'13','TIME_TRIAL',TRUE,18,3,10,230,32900,56950,40.39,57.77,100,10,10,5,3,TRUE,'','',13),
(30039,'14','TIME_TRIAL',TRUE,18,3,10,230,32900,56950,40.39,57.77,100,10,10,5,3,TRUE,'','',14),
(30039,'15','TIME_TRIAL',TRUE,18,2,10,230,32900,56950,40.39,57.77,100,10,10,5,3,TRUE,'','',15),

(30040,'1','TIME_TRIAL',TRUE,15,4,8,105,21600,38400,46.88,56.25,100,8,8,3,3,TRUE,'','',1),
(30040,'2','TIME_TRIAL',TRUE,15,4,8,105,21600,38400,46.88,56.25,100,8,8,3,3,TRUE,'','',2),
(30040,'3','TIME_TRIAL',TRUE,15,4,8,150,23400,41100,43.8,56.93,100,9,8,3,3,TRUE,'','',3),
(30040,'4','TIME_TRIAL',TRUE,15,4,8,150,23400,41100,43.8,56.93,100,8,9,3,3,TRUE,'','',4),
(30040,'5','TIME_TRIAL',TRUE,15,4,9,150,24400,43100,44.08,56.61,100,9,9,4,3,TRUE,'','',5),
(30040,'6','TIME_TRIAL',TRUE,15,4,9,150,24400,43100,44.08,56.61,100,9,9,4,3,TRUE,'','',6),
(30040,'7','TIME_TRIAL',TRUE,15,4,9,150,24850,43550,43.63,57.06,100,9,9,4,3,TRUE,'','',7),
(30040,'8','TIME_TRIAL',TRUE,15,4,9,195,27650,48250,41.45,57.31,100,9,10,5,3,TRUE,'','',8),
(30040,'9','TIME_TRIAL',TRUE,15,4,9,195,27650,48250,41.45,57.31,100,10,9,5,3,TRUE,'','',9),
(30040,'10','TIME_TRIAL',TRUE,18,3,10,230,32000,56050,41.03,57.09,100,10,10,5,3,TRUE,'','',10),
(30040,'11','TIME_TRIAL',TRUE,18,3,10,230,32000,56050,41.03,57.09,100,10,10,5,3,TRUE,'','',11),
(30040,'12','TIME_TRIAL',TRUE,18,3,10,230,32000,56050,41.03,57.09,100,10,10,5,3,TRUE,'','',12),
(30040,'13','TIME_TRIAL',TRUE,18,3,10,230,32000,56050,41.03,57.09,100,10,10,5,3,TRUE,'','',13),
(30040,'14','TIME_TRIAL',TRUE,18,3,10,230,32900,56950,40.39,57.77,100,10,10,5,3,TRUE,'','',14),
(30040,'15','TIME_TRIAL',TRUE,18,2,10,230,32900,56950,40.39,57.77,100,10,10,5,3,TRUE,'','',15),

(30041,'1','TIME_TRIAL',TRUE,15,4,8,105,21600,38400,46.88,56.25,100,8,8,3,3,TRUE,'','',1),
(30041,'2','TIME_TRIAL',TRUE,15,4,8,105,21600,38400,46.88,56.25,100,8,8,3,3,TRUE,'','',2),
(30041,'3','TIME_TRIAL',TRUE,15,4,8,150,23400,41100,43.8,56.93,100,9,8,3,3,TRUE,'','',3),
(30041,'4','TIME_TRIAL',TRUE,15,4,8,150,23400,41100,43.8,56.93,100,8,9,3,3,TRUE,'','',4),
(30041,'5','TIME_TRIAL',TRUE,15,4,9,150,24850,43550,43.63,57.06,100,9,9,4,3,TRUE,'','',5),
(30041,'6','TIME_TRIAL',TRUE,15,4,9,150,24850,43550,43.63,57.06,100,9,9,4,3,TRUE,'','',6),
(30041,'7','TIME_TRIAL',TRUE,15,4,9,150,24850,43550,43.63,57.06,100,9,9,4,3,TRUE,'','',7),
(30041,'8','TIME_TRIAL',TRUE,15,4,9,195,27650,48250,41.45,57.31,100,9,10,5,3,TRUE,'','',8),
(30041,'9','TIME_TRIAL',TRUE,15,4,9,195,27650,48250,41.45,57.31,100,10,9,5,3,TRUE,'','',9),
(30041,'10','TIME_TRIAL',TRUE,18,3,10,230,32000,56050,41.03,57.09,100,10,10,5,3,TRUE,'','',10),
(30041,'11','TIME_TRIAL',TRUE,18,3,10,230,32000,56050,41.03,57.09,100,10,10,5,3,TRUE,'','',11),
(30041,'12','TIME_TRIAL',TRUE,18,3,10,230,32900,56950,40.39,57.77,100,10,10,5,3,TRUE,'','',12),
(30041,'13','TIME_TRIAL',TRUE,18,3,10,230,32900,56950,40.39,57.77,100,10,10,5,3,TRUE,'','',13),
(30041,'14','TIME_TRIAL',TRUE,18,3,10,230,32900,56950,40.39,57.77,100,10,10,5,3,TRUE,'','',14),
(30041,'15','TIME_TRIAL',TRUE,18,2,10,230,32900,56950,40.39,57.77,100,10,10,5,3,TRUE,'','',15),

(30042,'1','TIME_TRIAL',TRUE,12,4,8,80,17250,31050,48.31,55.56,100,8,8,3,3,TRUE,'','',1),
(30042,'2','TIME_TRIAL',TRUE,12,4,8,80,17250,31050,48.31,55.56,100,8,8,3,3,TRUE,'','',2),
(30042,'3','TIME_TRIAL',TRUE,12,4,8,120,19050,33300,45.05,57.21,100,9,8,3,3,TRUE,'','',3),
(30042,'4','TIME_TRIAL',TRUE,12,4,8,120,19050,33300,45.05,57.21,100,8,9,3,3,TRUE,'','',4),
(30042,'5','TIME_TRIAL',TRUE,12,4,9,120,20500,35750,44.76,57.34,100,9,9,4,3,TRUE,'','',5),
(30042,'6','TIME_TRIAL',TRUE,12,4,9,120,20500,35750,44.76,57.34,100,9,9,4,3,TRUE,'','',6),
(30042,'7','TIME_TRIAL',TRUE,15,4,9,150,24850,43550,43.63,57.06,100,9,9,4,3,TRUE,'','',7),
(30042,'8','TIME_TRIAL',TRUE,15,4,9,195,27650,48250,41.45,57.31,100,9,10,5,3,TRUE,'','',8),
(30042,'9','TIME_TRIAL',TRUE,15,4,9,195,27650,48250,41.45,57.31,100,10,9,5,3,TRUE,'','',9),
(30042,'10','TIME_TRIAL',TRUE,15,3,10,195,27650,48250,41.45,57.31,100,10,10,5,3,TRUE,'','',10),
(30042,'11','TIME_TRIAL',TRUE,15,3,10,195,27650,48250,41.45,57.31,100,10,10,5,3,TRUE,'','',11),
(30042,'12','TIME_TRIAL',TRUE,15,3,10,195,28550,49150,40.69,58.09,100,10,10,5,3,TRUE,'','',12),
(30042,'13','TIME_TRIAL',TRUE,15,3,10,195,28550,49150,40.69,58.09,100,10,10,5,3,TRUE,'','',13),
(30042,'14','TIME_TRIAL',TRUE,15,3,10,195,28550,49150,40.69,58.09,100,10,10,5,3,TRUE,'','',14),
(30042,'15','TIME_TRIAL',TRUE,15,2,10,195,28550,49150,40.69,58.09,100,10,10,5,3,TRUE,'','',15),

(30043,'1','TIME_TRIAL',TRUE,15,4,8,105,21600,38400,46.88,56.25,100,8,8,3,3,TRUE,'','',1),
(30043,'2','TIME_TRIAL',TRUE,15,4,8,105,21600,38400,46.88,56.25,100,8,8,3,3,TRUE,'','',2),
(30043,'3','TIME_TRIAL',TRUE,15,4,8,150,23400,41100,43.8,56.93,100,9,8,3,3,TRUE,'','',3),
(30043,'4','TIME_TRIAL',TRUE,15,4,8,150,23400,41100,43.8,56.93,100,8,9,3,3,TRUE,'','',4),
(30043,'5','TIME_TRIAL',TRUE,15,4,9,150,24400,43100,44.08,56.61,100,9,9,4,3,TRUE,'','',5),
(30043,'6','TIME_TRIAL',TRUE,15,4,9,150,24400,43100,44.08,56.61,100,9,9,4,3,TRUE,'','',6),
(30043,'7','TIME_TRIAL',TRUE,15,4,9,150,24850,43550,43.63,57.06,100,9,9,4,3,TRUE,'','',7),
(30043,'8','TIME_TRIAL',TRUE,15,4,9,195,27650,48250,41.45,57.31,100,9,10,5,3,TRUE,'','',8),
(30043,'9','TIME_TRIAL',TRUE,15,4,9,195,27650,48250,41.45,57.31,100,10,9,5,3,TRUE,'','',9),
(30043,'10','TIME_TRIAL',TRUE,18,3,10,230,32000,56050,41.03,57.09,100,10,10,5,3,TRUE,'','',10),
(30043,'11','TIME_TRIAL',TRUE,18,3,10,230,32000,56050,41.03,57.09,100,10,10,5,3,TRUE,'','',11),
(30043,'12','TIME_TRIAL',TRUE,18,3,10,230,32000,56050,41.03,57.09,100,10,10,5,3,TRUE,'','',12),
(30043,'13','TIME_TRIAL',TRUE,18,3,10,230,32000,56050,41.03,57.09,100,10,10,5,3,TRUE,'','',13),
(30043,'14','TIME_TRIAL',TRUE,18,3,10,230,32900,56950,40.39,57.77,100,10,10,5,3,TRUE,'','',14),
(30043,'15','TIME_TRIAL',TRUE,18,2,10,230,32900,56950,40.39,57.77,100,10,10,5,3,TRUE,'','',15),

(30044,'1','TIME_TRIAL',TRUE,15,4,8,105,21600,38400,46.88,56.25,100,8,8,3,3,TRUE,'','',1),
(30044,'2','TIME_TRIAL',TRUE,15,4,8,105,21600,38400,46.88,56.25,100,8,8,3,3,TRUE,'','',2),
(30044,'3','TIME_TRIAL',TRUE,15,4,8,150,23400,41100,43.8,56.93,100,9,8,3,3,TRUE,'','',3),
(30044,'4','TIME_TRIAL',TRUE,15,4,8,150,23400,41100,43.8,56.93,100,8,9,3,3,TRUE,'','',4),
(30044,'5','TIME_TRIAL',TRUE,15,4,9,150,24850,43550,43.63,57.06,100,9,9,4,3,TRUE,'','',5),
(30044,'6','TIME_TRIAL',TRUE,15,4,9,150,24850,43550,43.63,57.06,100,9,9,4,3,TRUE,'','',6),
(30044,'7','TIME_TRIAL',TRUE,15,4,9,150,24850,43550,43.63,57.06,100,9,9,4,3,TRUE,'','',7),
(30044,'8','TIME_TRIAL',TRUE,15,4,9,195,27650,48250,41.45,57.31,100,9,10,5,3,TRUE,'','',8),
(30044,'9','TIME_TRIAL',TRUE,15,4,9,195,27650,48250,41.45,57.31,100,10,9,5,3,TRUE,'','',9),
(30044,'10','TIME_TRIAL',TRUE,18,3,10,230,32000,56050,41.03,57.09,100,10,10,5,3,TRUE,'','',10),
(30044,'11','TIME_TRIAL',TRUE,18,3,10,230,32000,56050,41.03,57.09,100,10,10,5,3,TRUE,'','',11),
(30044,'12','TIME_TRIAL',TRUE,18,3,10,230,32900,56950,40.39,57.77,100,10,10,5,3,TRUE,'','',12),
(30044,'13','TIME_TRIAL',TRUE,18,3,10,230,32900,56950,40.39,57.77,100,10,10,5,3,TRUE,'','',13),
(30044,'14','TIME_TRIAL',TRUE,18,3,10,230,32900,56950,40.39,57.77,100,10,10,5,3,TRUE,'','',14),
(30044,'15','TIME_TRIAL',TRUE,18,2,10,230,32900,56950,40.39,57.77,100,10,10,5,3,TRUE,'','',15),

(30045,'1','TIME_TRIAL',TRUE,15,4,8,105,21600,38400,46.88,56.25,100,8,8,3,3,TRUE,'','',1),
(30045,'2','TIME_TRIAL',TRUE,15,4,8,105,21600,38400,46.88,56.25,100,8,8,3,3,TRUE,'','',2),
(30045,'3','TIME_TRIAL',TRUE,15,4,8,150,23400,41100,43.8,56.93,100,9,8,3,3,TRUE,'','',3),
(30045,'4','TIME_TRIAL',TRUE,15,4,8,150,23400,41100,43.8,56.93,100,8,9,3,3,TRUE,'','',4),
(30045,'5','TIME_TRIAL',TRUE,15,4,9,150,24850,43550,43.63,57.06,100,9,9,4,3,TRUE,'','',5),
(30045,'6','TIME_TRIAL',TRUE,15,4,9,150,24850,43550,43.63,57.06,100,9,9,4,3,TRUE,'','',6),
(30045,'7','TIME_TRIAL',TRUE,15,4,9,150,24850,43550,43.63,57.06,100,9,9,4,3,TRUE,'','',7),
(30045,'8','TIME_TRIAL',TRUE,15,4,9,195,27650,48250,41.45,57.31,100,9,10,5,3,TRUE,'','',8),
(30045,'9','TIME_TRIAL',TRUE,15,4,9,195,27650,48250,41.45,57.31,100,10,9,5,3,TRUE,'','',9),
(30045,'10','TIME_TRIAL',TRUE,18,3,10,230,32000,56050,41.03,57.09,100,10,10,5,3,TRUE,'','',10),
(30045,'11','TIME_TRIAL',TRUE,18,3,10,230,32000,56050,41.03,57.09,100,10,10,5,3,TRUE,'','',11),
(30045,'12','TIME_TRIAL',TRUE,18,3,10,230,32900,56950,40.39,57.77,100,10,10,5,3,TRUE,'','',12),
(30045,'13','TIME_TRIAL',TRUE,18,3,10,230,32900,56950,40.39,57.77,100,10,10,5,3,TRUE,'','',13),
(30045,'14','TIME_TRIAL',TRUE,18,3,10,230,32900,56950,40.39,57.77,100,10,10,5,3,TRUE,'','',14),
(30045,'15','TIME_TRIAL',TRUE,18,2,10,230,32900,56950,40.39,57.77,100,10,10,5,3,TRUE,'','',15),

(30046,'1','TIME_TRIAL',TRUE,15,4,8,105,21600,38400,46.88,56.25,100,8,8,3,3,TRUE,'','',1),
(30046,'2','TIME_TRIAL',TRUE,15,4,8,105,21600,38400,46.88,56.25,100,8,8,3,3,TRUE,'','',2),
(30046,'3','TIME_TRIAL',TRUE,15,4,8,150,23400,41100,43.8,56.93,100,9,8,3,3,TRUE,'','',3),
(30046,'4','TIME_TRIAL',TRUE,15,4,8,150,23400,41100,43.8,56.93,100,8,9,3,3,TRUE,'','',4),
(30046,'5','TIME_TRIAL',TRUE,15,4,9,150,24400,43100,44.08,56.61,100,9,9,4,3,TRUE,'','',5),
(30046,'6','TIME_TRIAL',TRUE,15,4,9,150,24400,43100,44.08,56.61,100,9,9,4,3,TRUE,'','',6),
(30046,'7','TIME_TRIAL',TRUE,15,4,9,150,24850,43550,43.63,57.06,100,9,9,4,3,TRUE,'','',7),
(30046,'8','TIME_TRIAL',TRUE,15,4,9,195,27650,48250,41.45,57.31,100,9,10,5,3,TRUE,'','',8),
(30046,'9','TIME_TRIAL',TRUE,15,4,9,195,27650,48250,41.45,57.31,100,10,9,5,3,TRUE,'','',9),
(30046,'10','TIME_TRIAL',TRUE,18,3,10,230,32000,56050,41.03,57.09,100,10,10,5,3,TRUE,'','',10),
(30046,'11','TIME_TRIAL',TRUE,18,3,10,230,32000,56050,41.03,57.09,100,10,10,5,3,TRUE,'','',11),
(30046,'12','TIME_TRIAL',TRUE,18,3,10,230,32000,56050,41.03,57.09,100,10,10,5,3,TRUE,'','',12),
(30046,'13','TIME_TRIAL',TRUE,18,3,10,230,32900,56950,40.39,57.77,100,10,10,5,3,TRUE,'','',13),
(30046,'14','TIME_TRIAL',TRUE,18,3,10,230,32900,56950,40.39,57.77,100,10,10,5,3,TRUE,'','',14),
(30046,'15','TIME_TRIAL',TRUE,18,2,10,230,32900,56950,40.39,57.77,100,10,10,5,3,TRUE,'','',15),

(30047,'1','TIME_TRIAL',TRUE,15,4,8,105,21600,38400,46.88,56.25,100,8,8,3,3,TRUE,'','',1),
(30047,'2','TIME_TRIAL',TRUE,15,4,8,105,21600,38400,46.88,56.25,100,8,8,3,3,TRUE,'','',2),
(30047,'3','TIME_TRIAL',TRUE,15,4,8,150,23400,41100,43.8,56.93,100,9,8,3,3,TRUE,'','',3),
(30047,'4','TIME_TRIAL',TRUE,15,4,8,150,23850,41550,43.32,57.4,100,8,9,3,3,TRUE,'','',4),
(30047,'5','TIME_TRIAL',TRUE,15,4,9,150,24850,43550,43.63,57.06,100,9,9,4,3,TRUE,'','',5),
(30047,'6','TIME_TRIAL',TRUE,15,4,9,150,24850,43550,43.63,57.06,100,9,9,4,3,TRUE,'','',6),
(30047,'7','TIME_TRIAL',TRUE,15,4,9,150,24850,43550,43.63,57.06,100,9,9,4,3,TRUE,'','',7),
(30047,'8','TIME_TRIAL',TRUE,15,4,9,195,27650,48250,41.45,57.31,100,9,10,5,3,TRUE,'','',8),
(30047,'9','TIME_TRIAL',TRUE,15,4,9,195,27650,48250,41.45,57.31,100,10,9,5,3,TRUE,'','',9),
(30047,'10','TIME_TRIAL',TRUE,18,3,10,230,32900,56950,40.39,57.77,100,10,10,5,3,TRUE,'','',10),
(30047,'11','TIME_TRIAL',TRUE,18,3,10,230,32900,56950,40.39,57.77,100,10,10,5,3,TRUE,'','',11),
(30047,'12','TIME_TRIAL',TRUE,18,3,10,230,32900,56950,40.39,57.77,100,10,10,5,3,TRUE,'','',12),
(30047,'13','TIME_TRIAL',TRUE,18,3,10,230,32900,56950,40.39,57.77,100,10,10,5,3,TRUE,'','',13),
(30047,'14','TIME_TRIAL',TRUE,18,3,10,230,32900,56950,40.39,57.77,100,10,10,5,3,TRUE,'','',14),
(30047,'15','TIME_TRIAL',TRUE,18,2,10,230,32900,56950,40.39,57.77,100,10,10,5,3,TRUE,'','',15),

(30048,'1','TIME_TRIAL',TRUE,15,4,8,105,21600,38400,46.88,56.25,100,8,8,3,3,TRUE,'','',1),
(30048,'2','TIME_TRIAL',TRUE,15,4,8,105,21600,38400,46.88,56.25,100,8,8,3,3,TRUE,'','',2),
(30048,'3','TIME_TRIAL',TRUE,15,4,8,150,23850,41550,43.32,57.4,100,9,8,3,3,TRUE,'','',3),
(30048,'4','TIME_TRIAL',TRUE,15,4,8,150,23850,41550,43.32,57.4,100,8,9,3,3,TRUE,'','',4),
(30048,'5','TIME_TRIAL',TRUE,15,4,9,150,24850,43550,43.63,57.06,100,9,9,4,3,TRUE,'','',5),
(30048,'6','TIME_TRIAL',TRUE,15,4,9,150,24850,43550,43.63,57.06,100,9,9,4,3,TRUE,'','',6),
(30048,'7','TIME_TRIAL',TRUE,15,4,9,150,24850,43550,43.63,57.06,100,9,9,4,3,TRUE,'','',7),
(30048,'8','TIME_TRIAL',TRUE,15,4,9,195,27650,48250,41.45,57.31,100,9,10,5,3,TRUE,'','',8),
(30048,'9','TIME_TRIAL',TRUE,15,4,9,195,28550,49150,40.69,58.09,100,10,9,5,3,TRUE,'','',9),
(30048,'10','TIME_TRIAL',TRUE,18,3,10,230,32900,56950,40.39,57.77,100,10,10,5,3,TRUE,'','',10),
(30048,'11','TIME_TRIAL',TRUE,18,3,10,230,32900,56950,40.39,57.77,100,10,10,5,3,TRUE,'','',11),
(30048,'12','TIME_TRIAL',TRUE,18,3,10,230,32900,56950,40.39,57.77,100,10,10,5,3,TRUE,'','',12),
(30048,'13','TIME_TRIAL',TRUE,18,3,10,230,32900,56950,40.39,57.77,100,10,10,5,3,TRUE,'','',13),
(30048,'14','TIME_TRIAL',TRUE,18,3,10,230,32900,56950,40.39,57.77,100,10,10,5,3,TRUE,'','',14),
(30048,'15','TIME_TRIAL',TRUE,18,2,10,230,32900,56950,40.39,57.77,100,10,10,5,3,TRUE,'','',15),

(30049,'1','TIME_TRIAL',TRUE,15,4,8,105,21600,38400,46.88,56.25,100,8,8,3,3,TRUE,'','',1),
(30049,'2','TIME_TRIAL',TRUE,15,4,8,105,22050,38850,46.33,56.76,100,8,8,3,3,TRUE,'','',2),
(30049,'3','TIME_TRIAL',TRUE,15,4,8,150,23850,41550,43.32,57.4,100,9,8,3,3,TRUE,'','',3),
(30049,'4','TIME_TRIAL',TRUE,15,4,8,150,23850,41550,43.32,57.4,100,8,9,3,3,TRUE,'','',4),
(30049,'5','TIME_TRIAL',TRUE,15,4,9,150,24850,43550,43.63,57.06,100,9,9,4,3,TRUE,'','',5),
(30049,'6','TIME_TRIAL',TRUE,15,4,9,150,24850,43550,43.63,57.06,100,9,9,4,3,TRUE,'','',6),
(30049,'7','TIME_TRIAL',TRUE,15,4,9,150,24850,43550,43.63,57.06,100,9,9,4,3,TRUE,'','',7),
(30049,'8','TIME_TRIAL',TRUE,15,4,9,195,27650,48250,41.45,57.31,100,9,10,5,3,TRUE,'','',8),
(30049,'9','TIME_TRIAL',TRUE,15,4,9,195,27650,48250,41.45,57.31,100,10,9,5,3,TRUE,'','',9),
(30049,'10','TIME_TRIAL',TRUE,18,3,10,230,32900,56950,40.39,57.77,100,10,10,5,3,TRUE,'','',10),
(30049,'11','TIME_TRIAL',TRUE,18,3,10,230,32900,56950,40.39,57.77,100,10,10,5,3,TRUE,'','',11),
(30049,'12','TIME_TRIAL',TRUE,18,3,10,230,32900,56950,40.39,57.77,100,10,10,5,3,TRUE,'','',12),
(30049,'13','TIME_TRIAL',TRUE,18,3,10,230,32900,56950,40.39,57.77,100,10,10,5,3,TRUE,'','',13),
(30049,'14','TIME_TRIAL',TRUE,18,3,10,230,32900,56950,40.39,57.77,100,10,10,5,3,TRUE,'','',14),
(30049,'15','TIME_TRIAL',TRUE,18,2,10,230,32900,56950,40.39,57.77,100,10,10,5,3,TRUE,'','',15),

(30050,'1','TIME_TRIAL',TRUE,15,4,8,105,21600,38400,46.88,56.25,100,8,8,3,3,TRUE,'','',1),
(30050,'2','TIME_TRIAL',TRUE,15,4,8,105,21600,38400,46.88,56.25,100,8,8,3,3,TRUE,'','',2),
(30050,'3','TIME_TRIAL',TRUE,15,4,8,150,23400,41100,43.8,56.93,100,9,8,3,3,TRUE,'','',3),
(30050,'4','TIME_TRIAL',TRUE,15,4,8,150,23850,41550,43.32,57.4,100,8,9,3,3,TRUE,'','',4),
(30050,'5','TIME_TRIAL',TRUE,15,4,9,150,24850,43550,43.63,57.06,100,9,9,4,3,TRUE,'','',5),
(30050,'6','TIME_TRIAL',TRUE,15,4,9,150,24850,43550,43.63,57.06,100,9,9,4,3,TRUE,'','',6),
(30050,'7','TIME_TRIAL',TRUE,15,4,9,150,24850,43550,43.63,57.06,100,9,9,4,3,TRUE,'','',7),
(30050,'8','TIME_TRIAL',TRUE,15,4,9,195,27650,48250,41.45,57.31,100,9,10,5,3,TRUE,'','',8),
(30050,'9','TIME_TRIAL',TRUE,15,4,9,195,27650,48250,41.45,57.31,100,10,9,5,3,TRUE,'','',9),
(30050,'10','TIME_TRIAL',TRUE,18,3,10,230,32000,56050,41.03,57.09,100,10,10,5,3,TRUE,'','',10),
(30050,'11','TIME_TRIAL',TRUE,18,3,10,230,32000,56050,41.03,57.09,100,10,10,5,3,TRUE,'','',11),
(30050,'12','TIME_TRIAL',TRUE,18,3,10,230,32900,56950,40.39,57.77,100,10,10,5,3,TRUE,'','',12),
(30050,'13','TIME_TRIAL',TRUE,18,3,10,230,32900,56950,40.39,57.77,100,10,10,5,3,TRUE,'','',13),
(30050,'14','TIME_TRIAL',TRUE,18,3,10,230,32900,56950,40.39,57.77,100,10,10,5,3,TRUE,'','',14),
(30050,'15','TIME_TRIAL',TRUE,18,2,10,230,32900,56950,40.39,57.77,100,10,10,5,3,TRUE,'','',15);